"","FIELDID","COMID","Method","TotalFish","Total_score","DateSampled","year","month","FinalScore","Intreptation","Branch","StreamName","Richness","DarterCount","SunfishCount","SuckerCount","IntolerantCount","Percent_Tolerant","Percent_Omnivores","Percent_Piscivores","Percent_Lithophilic","Percent_Insectivores","finalwidth_ft","Richness_upper","Richness_lower","Darter_upper","Darter_lower","Sunfish_upper","Sunfish_lower","Sucker_upper","Sucker_lower","Intolerant_upper","Intolerant_lower","Tolerant_upper","Tolerant_lower","Omnivore_upper","Omnivore_lower","Insectivore_upper","Insectivore_lower","Piscivore_upper","Piscivore_lower","Lithophilic_upper","Lithophilic_lower","Richness_score","Darter_score","Sunfish_score","Sucker_score","Intolerant_score","Tolerant_score","Omnivore_score","Insectivores_score","Piscivores_score","Lithophilic_score"
"1","bell1",10849560,"Seine",233,0,2016-09-16,2016,9,0,"neutral","Upper","Bell Branch",0,1,3,1,0,60.0858369098712,47.2103004291845,0.429184549356223,54.9356223175966,51.5021459227468,10,12,7.6,2.2,1.1,1.7,0.85,1.4,0.66,1.9,0.96,39,75,31,72,62,15,3,1,47,1,-1,-1,1,0,-1,1,1,0,-1,1
"2","bell4",10849564,"Seine",721,-2,2016-09-16,2016,9,-2,"acceptable:negative","Upper","Bell Branch",0,1,3,1,0,96.9486823855756,88.2108183079057,0,6.24133148404993,11.7891816920943,14.7666666666667,14,10,3.24866666666667,1.62433333333334,2.51033333333334,1.25516666666667,2.06733333333334,0.974600000000002,2.80566666666667,1.4176,39,75,31,72,62,15,3,1,47,1,-1,-1,1,0,-1,1,1,-1,-1,0
"3","bell4",10849564,"Shocking",117,-3,2022-06-17,2022,6,-3,"acceptable:negative","Upper","Bell Branch",0,1,1,1,0,93.1623931623932,58.1196581196581,0,5.12820512820513,41.8803418803419,14.7666666666667,14,10,3.24866666666667,1.62433333333334,2.51033333333334,1.25516666666667,2.06733333333334,0.974600000000002,2.80566666666667,1.4176,39,75,31,72,62,15,3,1,47,1,-1,-1,-1,0,-1,1,1,0,-1,0
"4","bish2",10849426,"Seine",185,-2,2017-06-23,2017,6,-2,"acceptable:negative","Middle","Bishop Creek",0,1,3,0,0,88.6486486486487,38.9189189189189,0,8.64864864864865,61.0810810810811,11.7333333333333,14.08,8.91733333333331,2.58133333333333,1.29066666666666,1.99466666666666,0.99733333333333,1.64266666666666,0.774399999999998,2.22933333333333,1.1264,39,75,31,72,62,15,3,1,47,1,-1,-1,1,-1,-1,1,1,0,-1,0
"5","bish2",10849426,"Shocking",83,0,2022-07-06,2022,7,0,"neutral","Middle","Bishop Creek",0,1,2,1,0,93.9759036144578,90.3614457831325,4.81927710843374,12.0481927710843,4.81927710843374,11.7333333333333,14.08,8.91733333333331,2.58133333333333,1.29066666666666,1.99466666666666,0.99733333333333,1.64266666666666,0.774399999999998,2.22933333333333,1.1264,39,75,31,72,62,15,3,1,47,1,-1,-1,1,0,-1,1,1,-1,1,0
"6","dnrfel",10849706,"Shocking",71,-1,2022-06-13,2022,6,-1,"acceptable:negative","Lower","Fellows Creek",0,1,1,1,0,83.0985915492958,32.3943661971831,0,21.1267605633803,60.5633802816901,9,10.8,6.84,1.98,0.99,1.53,0.765,1.26,0.594,1.71,0.864,39,75,31,72,62,15,3,1,47,1,-1,0,0,0,-1,1,1,0,-1,0
"7","evan2",10850126,"Shocking",42,-4,2022-07-29,2022,7,-12,"poorlowfish","Main","Evans Creek",0,0,1,1,0,95.2380952380952,95.2380952380952,0,40.4761904761905,4.76190476190476,13.8,14,10,3.036,1.518,2.346,1.173,1.932,0.9108,2.622,1.3248,39,75,31,72,62,15,3,1,47,1,-1,-1,-1,0,-1,1,1,-1,-1,0
"8","evan3",10849456,"Seine",112,-5,2018-06-22,2018,6,-5,"poor","Main","Evans Creek",0,0,0,1,0,98.2142857142857,98.2142857142857,0,29.4642857142857,1.78571428571429,24.2,14,10,3,2,3,2,2,2,4,2,39,75,31,72,62,15,3,1,47,1,-1,-1,-1,-1,-1,1,1,-1,-1,0
"9","evan4",10849482,"Seine",153,-4,2020-07-30,2020,7,-4,"poor","Main","Evans Creek",0,1,0,1,0,86.9281045751634,76.4705882352941,0,27.4509803921569,23.5294117647059,25,14,10,3,2,3,2,2,2,4,2,39,75,31,72,62,15,3,1,47,1,-1,-1,-1,-1,-1,1,1,0,-1,0
"10","evan5",10849456,"Seine",400,-5,2023-06-27,2023,6,-5,"poor","Main","Evans Creek",0,0,1,1,0,98.5,98.25,0,11.75,1.75,24.2,14,10,3,2,3,2,2,2,4,2,39,75,31,72,62,15,3,1,47,1,-1,-1,-1,-1,-1,1,1,-1,-1,0
"11","evan5",10849456,"Seine",91,-5,2021-06-11,2021,6,-5,"poor","Main","Evans Creek",0,0,0,0,0,100,100,0,20.8791208791209,0,24.2,14,10,3,2,3,2,2,2,4,2,39,75,31,72,62,15,3,1,47,1,-1,-1,-1,-1,-1,1,1,-1,-1,0
"12","evan5",10849456,"Shocking",38,-4,2022-07-29,2022,7,-12,"poorlowfish","Main","Evans Creek",0,0,0,1,0,100,100,0,55.2631578947368,0,24.2,14,10,3,2,3,2,2,2,4,2,39,75,31,72,62,15,3,1,47,1,-1,-1,-1,-1,-1,1,1,-1,-1,1
"13","evan6",NA,"Shocking",29,NA,2022-07-29,2022,7,-12,"poorlowfish","Main","Evans Creek",0,0,0,0,0,100,100,0,0,0,NA,NA,NA,NA,NA,NA,NA,NA,NA,NA,NA,39,75,31,72,62,15,3,1,47,1,NA,NA,NA,NA,NA,1,1,-1,-1,-1
"14","fel1",10849646,"Seine",123,1,2013-09-14,2013,9,1,"acceptable:postive","Lower","Fellows Creek",0,1,2,1,1,94.3089430894309,62.6016260162602,0,9.75609756097561,37.3983739837398,9,10.8,6.84,1.98,0.99,1.53,0.765,1.26,0.594,1.71,0.864,39,75,31,72,62,15,3,1,47,1,-1,0,1,0,0,1,1,0,-1,0
"15","fel1",10849646,"Seine",124,-1,2014-09-06,2014,9,-1,"acceptable:negative","Lower","Fellows Creek",0,1,1,0,1,86.2903225806452,61.2903225806452,0,16.1290322580645,38.7096774193548,9,10.8,6.84,1.98,0.99,1.53,0.765,1.26,0.594,1.71,0.864,39,75,31,72,62,15,3,1,47,1,-1,0,0,-1,0,1,1,0,-1,0
"16","fel3",10849674,"Seine",103,-2,2013-09-14,2013,9,-2,"acceptable:negative","Lower","Fellows Creek",0,1,0,1,1,67.9611650485437,45.631067961165,0,27.1844660194175,54.368932038835,10,12,7.6,2.2,1.1,1.7,0.85,1.4,0.66,1.9,0.96,39,75,31,72,62,15,3,1,47,1,-1,-1,-1,0,0,1,1,0,-1,0
"17","fel3",10849674,"Seine",35,1,2013-06-22,2013,6,-12,"poorlowfish","Lower","Fellows Creek",0,1,2,0,1,80,45.7142857142857,5.71428571428571,22.8571428571429,48.5714285714286,10,12,7.6,2.2,1.1,1.7,0.85,1.4,0.66,1.9,0.96,39,75,31,72,62,15,3,1,47,1,-1,-1,1,-1,0,1,1,0,1,0
"18","fel3",10849674,"Seine",88,1,2014-09-06,2014,9,1,"acceptable:postive","Lower","Fellows Creek",0,1,2,1,1,68.1818181818182,39.7727272727273,2.27272727272727,14.7727272727273,56.8181818181818,10,12,7.6,2.2,1.1,1.7,0.85,1.4,0.66,1.9,0.96,39,75,31,72,62,15,3,1,47,1,-1,-1,1,0,0,1,1,0,0,0
"19","fel4",10849736,"Seine",107,-2,2014-09-19,2014,9,-2,"acceptable:negative","Lower","Fellows Creek",0,1,2,0,0,46.7289719626168,23.3644859813084,0,54.2056074766355,75.7009345794392,9.3,11.16,7.068,2.046,1.023,1.581,0.7905,1.302,0.6138,1.767,0.8928,39,75,31,72,62,15,3,1,47,1,-1,-1,1,-1,-1,1,-1,1,-1,1
"20","fel4",10849736,"Seine",113,-2,2013-09-27,2013,9,-2,"acceptable:negative","Lower","Fellows Creek",0,1,2,1,0,70.7964601769911,27.4336283185841,0.884955752212389,30.0884955752212,69.0265486725664,9.3,11.16,7.068,2.046,1.023,1.581,0.7905,1.302,0.6138,1.767,0.8928,39,75,31,72,62,15,3,1,47,1,-1,-1,1,0,-1,1,-1,1,-1,0
"21","fel4",10849736,"Seine",161,0,2014-06-13,2014,6,0,"neutral","Lower","Fellows Creek",0,1,2,1,0,61.4906832298137,34.7826086956522,0,39.751552795031,62.111801242236,9.3,11.16,7.068,2.046,1.023,1.581,0.7905,1.302,0.6138,1.767,0.8928,39,75,31,72,62,15,3,1,47,1,-1,-1,1,0,-1,1,1,1,-1,0
"22","fel4",10849736,"Seine",340,-1,2023-06-28,2023,6,-1,"acceptable:negative","Lower","Fellows Creek",0,2,3,1,0,60,19.4117647058824,0.294117647058824,44.1176470588235,80.2941176470588,9.3,11.16,7.068,2.046,1.023,1.581,0.7905,1.302,0.6138,1.767,0.8928,39,75,31,72,62,15,3,1,47,1,-1,0,1,0,-1,1,-1,1,-1,0
"23","fel4",10849736,"Shocking",227,1,2022-07-11,2022,7,1,"acceptable:postive","Lower","Fellows Creek",0,2,3,1,0,57.7092511013216,34.8017621145374,0,45.8149779735683,63.8766519823789,9.3,11.16,7.068,2.046,1.023,1.581,0.7905,1.302,0.6138,1.767,0.8928,39,75,31,72,62,15,3,1,47,1,-1,0,1,0,-1,1,1,1,-1,0
"24","fel5",10849704,"Seine",142,0,2013-09-27,2013,9,0,"neutral","Lower","Fellows Creek",0,1,1,1,1,93.6619718309859,54.2253521126761,0,11.9718309859155,45.7746478873239,9,10.8,6.84,1.98,0.99,1.53,0.765,1.26,0.594,1.71,0.864,39,75,31,72,62,15,3,1,47,1,-1,0,0,0,0,1,1,0,-1,0
"25","fel5",10849704,"Seine",37,-4,2013-06-22,2013,6,-12,"poorlowfish","Lower","Fellows Creek",0,1,0,0,0,100,13.5135135135135,0,10.8108108108108,86.4864864864865,9,10.8,6.84,1.98,0.99,1.53,0.765,1.26,0.594,1.71,0.864,39,75,31,72,62,15,3,1,47,1,-1,0,-1,-1,-1,1,-1,1,-1,0
"26","fel5",10849704,"Seine",56,1,2014-09-06,2014,9,1,"acceptable:postive","Lower","Fellows Creek",0,1,1,0,1,85.7142857142857,35.7142857142857,1.78571428571429,17.8571428571429,62.5,9,10.8,6.84,1.98,0.99,1.53,0.765,1.26,0.594,1.71,0.864,39,75,31,72,62,15,3,1,47,1,-1,0,0,-1,0,1,1,1,0,0
"27","fel6",10849704,"Seine",138,2,2013-09-27,2013,9,2,"acceptable:postive","Lower","Fellows Creek",0,1,2,1,1,77.536231884058,31.1594202898551,0.72463768115942,16.6666666666667,68.1159420289855,9,10.8,6.84,1.98,0.99,1.53,0.765,1.26,0.594,1.71,0.864,39,75,31,72,62,15,3,1,47,1,-1,0,1,0,0,1,1,1,-1,0
"28","fel6",10849704,"Seine",72,1,2013-06-22,2013,6,1,"acceptable:postive","Lower","Fellows Creek",0,1,4,1,1,83.3333333333333,52.7777777777778,0,8.33333333333333,43.0555555555556,9,10.8,6.84,1.98,0.99,1.53,0.765,1.26,0.594,1.71,0.864,39,75,31,72,62,15,3,1,47,1,-1,0,1,0,0,1,1,0,-1,0
"29","fel6",10849704,"Seine",95,2,2014-09-19,2014,9,2,"acceptable:postive","Lower","Fellows Creek",0,1,3,1,1,67.3684210526316,48.4210526315789,2.10526315789474,32.6315789473684,48.4210526315789,9,10.8,6.84,1.98,0.99,1.53,0.765,1.26,0.594,1.71,0.864,39,75,31,72,62,15,3,1,47,1,-1,0,1,0,0,1,1,0,0,0
"30","fel6",10849704,"Shocking",34,-2,2022-06-13,2022,6,-12,"poorlowfish","Lower","Fellows Creek",0,0,1,1,0,88.2352941176471,67.6470588235294,0,20.5882352941176,32.3529411764706,9,10.8,6.84,1.98,0.99,1.53,0.765,1.26,0.594,1.71,0.864,39,75,31,72,62,15,3,1,47,1,-1,-1,0,0,-1,1,1,0,-1,0
"31","fowl1",10849730,"Seine",118,1,2013-09-20,2013,9,1,"acceptable:postive","Lower","Fowler Creek",0,1,2,1,0,79.6610169491525,71.1864406779661,0,5.08474576271187,27.9661016949153,7,8.4,5.32,1.54,0.77,1.19,0.595,0.98,0.462,1.33,0.672,39,75,31,72,62,15,3,1,47,1,-1,0,1,1,-1,1,1,0,-1,0
"32","fowl1",10849730,"Seine",156,1,2014-09-05,2014,9,1,"acceptable:postive","Lower","Fowler Creek",0,1,3,1,0,66.6666666666667,53.8461538461538,0.641025641025641,1.92307692307692,16.6666666666667,7,8.4,5.32,1.54,0.77,1.19,0.595,0.98,0.462,1.33,0.672,39,75,31,72,62,15,3,1,47,1,-1,0,1,1,-1,1,1,0,-1,0
"33","fowl2",10849786,"Seine",129,-3,2020-08-19,2020,8,-3,"acceptable:negative","Lower","Fowler Creek",1,2,4,1,0,31.0077519379845,9.30232558139535,0.775193798449612,6.2015503875969,88.3720930232558,14.1333333333333,14,10,3.10933333333333,1.55466666666666,2.40266666666666,1.20133333333333,1.97866666666666,0.932799999999998,2.68533333333333,1.3568,39,75,31,72,62,15,3,1,47,1,-1,0,1,0,-1,-1,-1,1,-1,0
"34","fowl2",10849786,"Seine",130,-1,2018-08-16,2018,8,-1,"acceptable:negative","Lower","Fowler Creek",1,1,4,1,0,45.3846153846154,16.1538461538462,2.30769230769231,10.7692307692308,80.7692307692308,14.1333333333333,14,10,3.10933333333333,1.55466666666666,2.40266666666666,1.20133333333333,1.97866666666666,0.932799999999998,2.68533333333333,1.3568,39,75,31,72,62,15,3,1,47,1,-1,-1,1,0,-1,1,-1,1,0,0
"35","fowl2",10849786,"Seine",137,-1,2016-08-22,2016,8,-1,"acceptable:negative","Lower","Fowler Creek",1,2,5,1,1,74.4525547445255,22.6277372262774,0.72992700729927,16.0583941605839,62.7737226277372,14.1333333333333,14,10,3.10933333333333,1.55466666666666,2.40266666666666,1.20133333333333,1.97866666666666,0.932799999999998,2.68533333333333,1.3568,39,75,31,72,62,15,3,1,47,1,-1,0,1,0,-1,1,-1,1,-1,0
"36","fowl2",10849786,"Seine",162,0,2019-08-18,2019,8,0,"neutral","Lower","Fowler Creek",0,2,5,1,0,44.4444444444444,10.4938271604938,1.23456790123457,9.87654320987654,87.6543209876543,14.1333333333333,14,10,3.10933333333333,1.55466666666666,2.40266666666666,1.20133333333333,1.97866666666666,0.932799999999998,2.68533333333333,1.3568,39,75,31,72,62,15,3,1,47,1,-1,0,1,0,-1,1,-1,1,0,0
"37","fowl2",10849786,"Seine",243,-2,2022-09-24,2022,9,-2,"acceptable:negative","Lower","Fowler Creek",0,2,4,1,0,34.5679012345679,13.9917695473251,1.64609053497942,8.64197530864197,84.3621399176955,14.1333333333333,14,10,3.10933333333333,1.55466666666666,2.40266666666666,1.20133333333333,1.97866666666666,0.932799999999998,2.68533333333333,1.3568,39,75,31,72,62,15,3,1,47,1,-1,0,1,0,-1,-1,-1,1,0,0
"38","fowl2",10849786,"Seine",261,0,2017-07-29,2017,7,0,"neutral","Lower","Fowler Creek",1,2,5,1,0,61.6858237547893,21.455938697318,1.53256704980843,8.42911877394636,75.8620689655172,14.1333333333333,14,10,3.10933333333333,1.55466666666666,2.40266666666666,1.20133333333333,1.97866666666666,0.932799999999998,2.68533333333333,1.3568,39,75,31,72,62,15,3,1,47,1,-1,0,1,0,-1,1,-1,1,0,0
"39","fowl2",10849786,"Seine",51,-3,2013-09-27,2013,9,-3,"acceptable:negative","Lower","Fowler Creek",0,1,0,1,0,90.1960784313726,58.8235294117647,0,15.6862745098039,41.1764705882353,14.1333333333333,14,10,3.10933333333333,1.55466666666666,2.40266666666666,1.20133333333333,1.97866666666666,0.932799999999998,2.68533333333333,1.3568,39,75,31,72,62,15,3,1,47,1,-1,-1,-1,0,-1,1,1,0,-1,0
"40","fowl2",10849786,"Seine",80,2,2014-08-22,2014,8,2,"acceptable:postive","Lower","Fowler Creek",0,2,4,1,0,81.25,32.5,3.75,21.25,57.5,14.1333333333333,14,10,3.10933333333333,1.55466666666666,2.40266666666666,1.20133333333333,1.97866666666666,0.932799999999998,2.68533333333333,1.3568,39,75,31,72,62,15,3,1,47,1,-1,0,1,0,-1,1,1,0,1,0
"41","fowl2",10849786,"Seine",86,-4,2021-08-26,2021,8,-4,"poor","Lower","Fowler Creek",1,1,4,0,0,31.3953488372093,2.32558139534884,2.32558139534884,3.48837209302326,87.2093023255814,14.1333333333333,14,10,3.10933333333333,1.55466666666666,2.40266666666666,1.20133333333333,1.97866666666666,0.932799999999998,2.68533333333333,1.3568,39,75,31,72,62,15,3,1,47,1,-1,-1,1,-1,-1,-1,-1,1,0,0
"42","fowl2",10849786,"Shocking",127,-1,2022-07-19,2022,7,-1,"acceptable:negative","Lower","Fowler Creek",1,1,4,1,0,61.4173228346457,25.9842519685039,2.36220472440945,18.8976377952756,64.5669291338583,14.1333333333333,14,10,3.10933333333333,1.55466666666666,2.40266666666666,1.20133333333333,1.97866666666666,0.932799999999998,2.68533333333333,1.3568,39,75,31,72,62,15,3,1,47,1,-1,-1,1,0,-1,1,-1,1,0,0
"43","fowl3",10849806,"Seine",180,1,2013-09-20,2013,9,1,"acceptable:postive","Lower","Fowler Creek",0,1,3,1,0,62.7777777777778,36.6666666666667,0,10,41.1111111111111,5,6,3.8,1.1,0.55,0.85,0.425,0.7,0.33,0.95,0.48,39,75,31,72,62,15,3,1,47,1,-1,0,1,1,-1,1,1,0,-1,0
"44","fowl3",10849806,"Seine",254,1,2014-09-05,2014,9,1,"acceptable:postive","Lower","Fowler Creek",0,1,1,1,0,59.8425196850394,39.7637795275591,0,2.75590551181102,56.6929133858268,5,6,3.8,1.1,0.55,0.85,0.425,0.7,0.33,0.95,0.48,39,75,31,72,62,15,3,1,47,1,-1,0,1,1,-1,1,1,0,-1,0
"45","fowl3",10849806,"Seine",27,-3,2013-06-01,2013,6,-12,"poorlowfish","Lower","Fowler Creek",0,1,0,0,0,62.962962962963,55.5555555555556,0,3.7037037037037,44.4444444444444,5,6,3.8,1.1,0.55,0.85,0.425,0.7,0.33,0.95,0.48,39,75,31,72,62,15,3,1,47,1,-1,0,-1,-1,-1,1,1,0,-1,0
"46","fowl4",10849812,"Seine",202,0,2023-07-05,2023,7,0,"neutral","Lower","Fowler Creek",0,1,2,1,0,88.6138613861386,45.5445544554455,1.98019801980198,30.6930693069307,49.5049504950495,11.3333333333333,13.6,8.61333333333331,2.49333333333333,1.24666666666666,1.92666666666666,0.963333333333331,1.58666666666666,0.747999999999998,2.15333333333333,1.088,39,75,31,72,62,15,3,1,47,1,-1,-1,1,0,-1,1,1,0,0,0
"47","fowl4",10849812,"Seine",30,0,2015-08-29,2015,8,-12,"poorlowfish","Lower","Fowler Creek",0,1,2,0,0,86.6666666666667,66.6666666666667,3.33333333333333,10,30,11.3333333333333,13.6,8.61333333333331,2.49333333333333,1.24666666666666,1.92666666666666,0.963333333333331,1.58666666666666,0.747999999999998,2.15333333333333,1.088,39,75,31,72,62,15,3,1,47,1,-1,-1,1,-1,-1,1,1,0,1,0
"48","fowl4",10849812,"Seine",96,0,2021-08-26,2021,8,0,"neutral","Lower","Fowler Creek",1,2,3,1,0,73.9583333333333,45.8333333333333,0,36.4583333333333,53.125,11.3333333333333,13.6,8.61333333333331,2.49333333333333,1.24666666666666,1.92666666666666,0.963333333333331,1.58666666666666,0.747999999999998,2.15333333333333,1.088,39,75,31,72,62,15,3,1,47,1,-1,0,1,0,-1,1,1,0,-1,0
"49","fowl4",10849812,"Shocking",181,-1,2022-07-18,2022,7,-1,"acceptable:negative","Lower","Fowler Creek",0,1,2,1,0,86.7403314917127,58.0110497237569,0,37.0165745856354,41.9889502762431,11.3333333333333,13.6,8.61333333333331,2.49333333333333,1.24666666666666,1.92666666666666,0.963333333333331,1.58666666666666,0.747999999999998,2.15333333333333,1.088,39,75,31,72,62,15,3,1,47,1,-1,-1,1,0,-1,1,1,0,-1,0
"50","fowl5",10849784,"Seine",112,-1,2016-08-22,2016,8,-1,"acceptable:negative","Lower","Fowler Creek",1,1,5,1,1,61.6071428571429,27.6785714285714,1.78571428571429,12.5,63.3928571428571,12.0833333333333,14,10,2.65833333333333,1.32916666666666,2.05416666666666,1.02708333333333,1.69166666666666,0.797499999999998,2.29583333333333,1.16,39,75,31,72,62,15,3,1,47,1,-1,-1,1,0,-1,1,-1,1,0,0
"51","fowl5",10849784,"Seine",119,-2,2020-08-06,2020,8,-2,"acceptable:negative","Lower","Fowler Creek",1,1,3,1,0,62.1848739495798,16.8067226890756,0,8.40336134453782,77.3109243697479,12.0833333333333,14,10,2.65833333333333,1.32916666666666,2.05416666666666,1.02708333333333,1.69166666666666,0.797499999999998,2.29583333333333,1.16,39,75,31,72,62,15,3,1,47,1,-1,-1,1,0,-1,1,-1,1,-1,0
"52","fowl5",10849784,"Seine",172,-1,2017-07-29,2017,7,-1,"acceptable:negative","Lower","Fowler Creek",0,1,4,1,0,87.2093023255814,50,0,21.5116279069767,48.8372093023256,12.0833333333333,14,10,2.65833333333333,1.32916666666666,2.05416666666666,1.02708333333333,1.69166666666666,0.797499999999998,2.29583333333333,1.16,39,75,31,72,62,15,3,1,47,1,-1,-1,1,0,-1,1,1,0,-1,0
"53","fowl5",10849784,"Seine",192,1,2019-08-16,2019,8,1,"acceptable:postive","Lower","Fowler Creek",0,1,4,1,0,84.8958333333333,47.3958333333333,3.64583333333333,4.6875,46.875,12.0833333333333,14,10,2.65833333333333,1.32916666666666,2.05416666666666,1.02708333333333,1.69166666666666,0.797499999999998,2.29583333333333,1.16,39,75,31,72,62,15,3,1,47,1,-1,-1,1,0,-1,1,1,0,1,0
"54","fowl5",10849784,"Seine",225,-1,2022-07-18,2022,7,-1,"acceptable:negative","Lower","Fowler Creek",0,1,4,1,0,65.7777777777778,38.6666666666667,0.444444444444444,1.77777777777778,60.4444444444444,12.0833333333333,14,10,2.65833333333333,1.32916666666666,2.05416666666666,1.02708333333333,1.69166666666666,0.797499999999998,2.29583333333333,1.16,39,75,31,72,62,15,3,1,47,1,-1,-1,1,0,-1,1,1,0,-1,0
"55","fowl5",10849784,"Seine",227,-1,2018-08-16,2018,8,-1,"acceptable:negative","Lower","Fowler Creek",0,1,3,1,0,89.4273127753304,47.136563876652,0.881057268722467,14.0969162995595,50.2202643171806,12.0833333333333,14,10,2.65833333333333,1.32916666666666,2.05416666666666,1.02708333333333,1.69166666666666,0.797499999999998,2.29583333333333,1.16,39,75,31,72,62,15,3,1,47,1,-1,-1,1,0,-1,1,1,0,-1,0
"56","fowl5",10849784,"Seine",257,-2,2023-07-05,2023,7,-2,"acceptable:negative","Lower","Fowler Creek",0,1,2,1,0,84.8249027237354,67.3151750972763,0,10.8949416342412,32.6848249027237,12.0833333333333,14,10,2.65833333333333,1.32916666666666,2.05416666666666,1.02708333333333,1.69166666666666,0.797499999999998,2.29583333333333,1.16,39,75,31,72,62,15,3,1,47,1,-1,-1,0,0,-1,1,1,0,-1,0
"57","fowl5",10849784,"Seine",362,0,2021-07-08,2021,7,0,"neutral","Lower","Fowler Creek",0,1,4,1,0,90.8839779005525,57.182320441989,1.65745856353591,1.10497237569061,41.1602209944751,12.0833333333333,14,10,2.65833333333333,1.32916666666666,2.05416666666666,1.02708333333333,1.69166666666666,0.797499999999998,2.29583333333333,1.16,39,75,31,72,62,15,3,1,47,1,-1,-1,1,0,-1,1,1,0,0,0
"58","fowl5",10849784,"Shocking",82,-3,2022-07-18,2022,7,-3,"acceptable:negative","Lower","Fowler Creek",0,1,2,0,0,90.2439024390244,43.9024390243902,0,6.09756097560976,56.0975609756098,12.0833333333333,14,10,2.65833333333333,1.32916666666666,2.05416666666666,1.02708333333333,1.69166666666666,0.797499999999998,2.29583333333333,1.16,39,75,31,72,62,15,3,1,47,1,-1,-1,0,-1,-1,1,1,0,-1,0
"59","fowl6",10849730,"Seine",70,-3,2018-08-16,2018,8,-3,"acceptable:negative","Lower","Fowler Creek",0,0,2,0,0,85.7142857142857,84.2857142857143,0,0,15.7142857142857,7,8.4,5.32,1.54,0.77,1.19,0.595,0.98,0.462,1.33,0.672,39,75,31,72,62,15,3,1,47,1,-1,-1,1,-1,-1,1,1,0,-1,-1
"60","frank1",10848522,"Seine",304,-3,2015-09-18,2015,9,-3,"acceptable:negative","Main","Franklin Creek",0,0,0,1,1,95.0657894736842,95.0657894736842,0,94.7368421052632,4.93421052631579,14.15,14,10,3.113,1.5565,2.4055,1.20275,1.981,0.9339,2.6885,1.3584,39,75,31,72,62,15,3,1,47,1,-1,-1,-1,0,-1,1,1,-1,-1,1
"61","frank1",10848522,"Seine",93,-2,2022-07-07,2022,7,-2,"acceptable:negative","Main","Franklin Creek",0,0,0,1,1,81.7204301075269,81.7204301075269,0,75.2688172043011,18.2795698924731,14.15,14,10,3.113,1.5565,2.4055,1.20275,1.981,0.9339,2.6885,1.3584,39,75,31,72,62,15,3,1,47,1,-1,-1,-1,0,-1,1,1,0,-1,1
"62","frank1",10848522,"Shocking",311,-2,2022-07-07,2022,7,-2,"acceptable:negative","Main","Franklin Creek",0,0,0,1,1,74.5980707395498,74.5980707395498,0,50.1607717041801,23.4726688102894,14.15,14,10,3.113,1.5565,2.4055,1.20275,1.981,0.9339,2.6885,1.3584,39,75,31,72,62,15,3,1,47,1,-1,-1,-1,0,-1,1,1,0,-1,1
"63","frank2",10848482,"Seine",342,-2,2015-09-18,2015,9,-2,"acceptable:negative","Main","Franklin Creek",0,0,2,1,0,74.5614035087719,74.5614035087719,0,65.2046783625731,25.4385964912281,15,14,10,3,2,2.55,1.275,2,2,2.85,1.44,39,75,31,72,62,15,3,1,47,1,-1,-1,0,-1,-1,1,1,0,-1,1
"64","ing1",10849424,"Seine",54,2,2015-09-11,2015,9,2,"acceptable:postive","Middle","Ingersoll Creek",0,1,2,1,0,88.8888888888889,62.962962962963,1.85185185185185,22.2222222222222,35.1851851851852,5.5,6.6,4.18,1.21,0.605,0.935,0.4675,0.77,0.363,1.045,0.528,39,75,31,72,62,15,3,1,47,1,-1,0,1,1,-1,1,1,0,0,0
"65","john1",10849630,"Seine",119,-4,2022-06-06,2022,6,-4,"poor","Middle","Johnson Creek",1,1,1,0,2,21.0084033613445,21.0084033613445,0.840336134453782,66.3865546218487,74.7899159663866,11.2,13.44,8.512,2.464,1.232,1.904,0.952,1.568,0.7392,2.128,1.0752,39,75,31,72,62,15,3,1,47,1,-1,-1,0,-1,0,-1,-1,1,-1,1
"66","john1",10849630,"Seine",273,0,2023-06-20,2023,6,0,"neutral","Middle","Johnson Creek",1,2,3,1,2,35.5311355311355,32.967032967033,0.366300366300366,66.3003663003663,61.5384615384615,11.2,13.44,8.512,2.464,1.232,1.904,0.952,1.568,0.7392,2.128,1.0752,39,75,31,72,62,15,3,1,47,1,-1,0,1,0,0,-1,1,0,-1,1
"67","john1",10849630,"Shocking",368,1,2022-07-12,2022,7,1,"acceptable:postive","Middle","Johnson Creek",1,2,3,1,2,54.8913043478261,52.1739130434783,0.271739130434783,30.7065217391304,38.8586956521739,11.2,13.44,8.512,2.464,1.232,1.904,0.952,1.568,0.7392,2.128,1.0752,39,75,31,72,62,15,3,1,47,1,-1,0,1,0,0,1,1,0,-1,0
"68","john10",10849588,"Shocking",166,1,2022-07-12,2022,7,1,"acceptable:postive","Middle","Johnson Creek",1,2,2,1,2,55.421686746988,42.1686746987952,2.40963855421687,28.3132530120482,54.2168674698795,14.2333333333333,14,10,3.13133333333333,1.56566666666666,2.41966666666666,1.20983333333333,1.99266666666666,0.939399999999998,2.70433333333333,1.3664,39,75,31,72,62,15,3,1,47,1,-1,0,0,0,0,1,1,0,0,0
"69","john2",10849614,"Seine",154,2,2018-06-26,2018,6,2,"acceptable:postive","Middle","Johnson Creek",2,2,3,1,2,59.7402597402597,56.4935064935065,15.5844155844156,7.79220779220779,20.7792207792208,15,14,10,3,2,2.55,1.275,2,2,2.85,1.44,39,75,31,72,62,15,3,1,47,1,-1,0,1,-1,0,1,1,0,1,0
"70","john2",10849614,"Seine",87,0,2022-06-06,2022,6,0,"neutral","Middle","Johnson Creek",1,2,3,1,1,43.6781609195402,36.7816091954023,0,8.04597701149425,63.2183908045977,15,14,10,3,2,2.55,1.275,2,2,2.85,1.44,39,75,31,72,62,15,3,1,47,1,-1,0,1,-1,-1,1,1,1,-1,0
"71","john3",10849522,"Seine",70,-2,2018-06-26,2018,6,-2,"acceptable:negative","Middle","Johnson Creek",1,1,2,1,2,35.7142857142857,35.7142857142857,1.42857142857143,21.4285714285714,57.1428571428571,14,14,10,3.08,1.54,2.38,1.19,1.96,0.924,2.66,1.344,39,75,31,72,62,15,3,1,47,1,-1,-1,0,0,0,-1,1,0,0,0
"72","john6",10850134,"Seine",47,0,2023-06-21,2023,6,-12,"poorlowfish","Middle","Johnson Creek",3,1,2,1,4,40.4255319148936,40.4255319148936,2.12765957446809,44.6808510638298,46.8085106382979,17.0666666666666,14,10,3,2,2.90133333333332,1.45066666666666,2,2,3.24266666666665,1.63839999999999,39,75,31,72,62,15,3,1,47,1,-1,-1,0,-1,1,1,1,0,0,0
"73","john6",10850134,"Seine",68,-3,2020-07-17,2020,7,-3,"acceptable:negative","Middle","Johnson Creek",2,1,0,1,3,69.1176470588235,69.1176470588235,0,41.1764705882353,29.4117647058824,17.0666666666666,14,10,3,2,2.90133333333332,1.45066666666666,2,2,3.24266666666665,1.63839999999999,39,75,31,72,62,15,3,1,47,1,-1,-1,-1,-1,0,1,1,0,-1,0
"74","john6",10850134,"Shocking",137,1,2022-08-09,2022,8,1,"acceptable:postive","Middle","Johnson Creek",4,1,5,1,4,45.2554744525547,42.3357664233577,2.18978102189781,29.9270072992701,35.7664233576642,17.0666666666666,14,10,3,2,2.90133333333332,1.45066666666666,2,2,3.24266666666665,1.63839999999999,39,75,31,72,62,15,3,1,47,1,-1,-1,1,-1,1,1,1,0,0,0
"75","low10",10850168,"Seine",57,-2,2015-06-10,2015,6,-2,"acceptable:negative","Lower","Lower Rouge",1,2,3,1,1,78.9473684210526,52.6315789473684,0,29.8245614035088,40.3508771929825,29.0666666666667,14,10,3,2,3,2,2,2,4,2,39,75,31,72,62,15,3,1,47,1,-1,0,0,-1,-1,1,1,0,-1,0
"76","low10",10850168,"Seine",78,-4,2015-08-15,2015,8,-4,"poor","Lower","Lower Rouge",0,1,2,1,0,94.8717948717949,21.7948717948718,0,12.8205128205128,78.2051282051282,29.0666666666667,14,10,3,2,3,2,2,2,4,2,39,75,31,72,62,15,3,1,47,1,-1,-1,0,-1,-1,1,-1,1,-1,0
"77","low10",10850168,"Seine",82,-1,2017-08-11,2017,8,-1,"acceptable:negative","Lower","Lower Rouge",1,1,4,1,0,40.2439024390244,31.7073170731707,2.4390243902439,20.7317073170732,57.3170731707317,29.0666666666667,14,10,3,2,3,2,2,2,4,2,39,75,31,72,62,15,3,1,47,1,-1,-1,1,-1,-1,1,1,0,0,0
"78","low10",10850168,"Seine",97,-3,2016-08-12,2016,8,-3,"acceptable:negative","Lower","Lower Rouge",2,1,2,1,1,67.0103092783505,53.6082474226804,0,21.6494845360825,41.2371134020619,29.0666666666667,14,10,3,2,3,2,2,2,4,2,39,75,31,72,62,15,3,1,47,1,-1,-1,0,-1,-1,1,1,0,-1,0
"79","low11",10849778,"Seine",155,0,2019-08-16,2019,8,0,"neutral","Lower","Lower Rouge",2,1,5,1,0,54.1935483870968,16.1290322580645,1.93548387096774,10.3225806451613,78.7096774193548,9,10.8,6.84,1.98,0.99,1.53,0.765,1.26,0.594,1.71,0.864,39,75,31,72,62,15,3,1,47,1,-1,0,1,0,-1,1,-1,1,0,0
"80","low11",10849778,"Seine",186,-1,2022-09-24,2022,9,-1,"acceptable:negative","Lower","Lower Rouge",0,1,5,1,0,34.9462365591398,10.752688172043,3.76344086021505,18.2795698924731,79.0322580645161,9,10.8,6.84,1.98,0.99,1.53,0.765,1.26,0.594,1.71,0.864,39,75,31,72,62,15,3,1,47,1,-1,0,1,0,-1,-1,-1,1,1,0
"81","low11",10849778,"Seine",190,0,2020-08-06,2020,8,0,"neutral","Lower","Lower Rouge",2,1,5,1,1,35.2631578947368,7.89473684210526,12.1052631578947,3.1578947368421,68.9473684210526,9,10.8,6.84,1.98,0.99,1.53,0.765,1.26,0.594,1.71,0.864,39,75,31,72,62,15,3,1,47,1,-1,0,1,0,0,-1,-1,1,1,0
"82","low11",10849778,"Seine",208,-1,2018-08-17,2018,8,-1,"acceptable:negative","Lower","Lower Rouge",1,1,4,1,0,40.8653846153846,29.3269230769231,0.480769230769231,18.2692307692308,66.3461538461538,9,10.8,6.84,1.98,0.99,1.53,0.765,1.26,0.594,1.71,0.864,39,75,31,72,62,15,3,1,47,1,-1,0,1,0,-1,1,-1,1,-1,0
"83","low11",10849778,"Seine",208,3,2016-08-22,2016,8,3,"acceptable:postive","Lower","Lower Rouge",1,1,6,1,1,58.6538461538462,32.2115384615385,3.84615384615385,27.8846153846154,51.4423076923077,9,10.8,6.84,1.98,0.99,1.53,0.765,1.26,0.594,1.71,0.864,39,75,31,72,62,15,3,1,47,1,-1,0,1,0,0,1,1,0,1,0
"84","low11",10849778,"Seine",213,0,2021-07-08,2021,7,0,"neutral","Lower","Lower Rouge",1,1,5,1,0,74.6478873239437,23.4741784037559,2.34741784037559,11.7370892018779,68.5446009389671,9,10.8,6.84,1.98,0.99,1.53,0.765,1.26,0.594,1.71,0.864,39,75,31,72,62,15,3,1,47,1,-1,0,1,0,-1,1,-1,1,0,0
"85","low11",10849778,"Seine",281,0,2017-07-28,2017,7,0,"neutral","Lower","Lower Rouge",0,1,5,1,0,72.9537366548043,30.6049822064057,4.98220640569395,22.4199288256228,61.5658362989324,9,10.8,6.84,1.98,0.99,1.53,0.765,1.26,0.594,1.71,0.864,39,75,31,72,62,15,3,1,47,1,-1,0,1,0,-1,1,-1,0,1,0
"86","low11",10849778,"Seine",328,2,2023-07-11,2023,7,2,"acceptable:postive","Lower","Lower Rouge",1,1,5,1,0,59.1463414634146,32.6219512195122,7.01219512195122,43.5975609756098,54.8780487804878,9,10.8,6.84,1.98,0.99,1.53,0.765,1.26,0.594,1.71,0.864,39,75,31,72,62,15,3,1,47,1,-1,0,1,0,-1,1,1,0,1,0
"87","low13",10849790,"Seine",55,-6,2021-09-02,2021,9,-6,"poor","Lower","Lower Rouge",0,0,2,0,0,10.9090909090909,10.9090909090909,0,5.45454545454545,89.0909090909091,44.1,14,10,3,2,3,2,2,2,4,2,39,75,31,72,62,15,3,1,47,1,-1,-1,0,-1,-1,-1,-1,1,-1,0
"88","low14",10850162,"Shocking",81,1,2022-06-28,2022,6,1,"acceptable:postive","Lower","Lower Rouge",5,0,4,3,3,39.5061728395062,22.2222222222222,4.93827160493827,17.283950617284,61.7283950617284,39.9666666666667,14,10,3,2,3,2,2,2,4,2,39,75,31,72,62,15,3,1,47,1,-1,-1,1,1,0,1,-1,0,1,0
"89","low2",10849724,"Seine",155,4,2013-09-13,2013,9,4,"acceptable:postive","Lower","Lower Rouge",1,1,5,1,1,51.6129032258064,29.0322580645161,10.9677419354839,19.3548387096774,50.9677419354839,4.23333333333333,5.08,3.21733333333333,0.931333333333333,0.465666666666667,0.719666666666666,0.359833333333333,0.592666666666666,0.2794,0.804333333333333,0.4064,39,75,31,72,62,15,3,1,47,1,-1,1,1,1,1,1,-1,0,1,0
"90","low2",10849724,"Seine",435,3,2014-08-23,2014,8,3,"acceptable:postive","Lower","Lower Rouge",0,1,4,1,0,63.6781609195402,53.1034482758621,1.37931034482759,20.9195402298851,23.2183908045977,4.23333333333333,5.08,3.21733333333333,0.931333333333333,0.465666666666667,0.719666666666666,0.359833333333333,0.592666666666666,0.2794,0.804333333333333,0.4064,39,75,31,72,62,15,3,1,47,1,-1,1,1,1,-1,1,1,0,0,0
"91","low2",10849724,"Shocking",56,0,2022-07-26,2022,7,0,"neutral","Lower","Lower Rouge",0,1,1,0,0,87.5,39.2857142857143,0,26.7857142857143,60.7142857142857,4.23333333333333,5.08,3.21733333333333,0.931333333333333,0.465666666666667,0.719666666666666,0.359833333333333,0.592666666666666,0.2794,0.804333333333333,0.4064,39,75,31,72,62,15,3,1,47,1,-1,1,1,-1,-1,1,1,0,-1,0
"92","low3",10849726,"Seine",16,-1,2013-06-01,2013,6,-12,"poorlowfish","Lower","Lower Rouge",0,1,1,0,0,93.75,50,0,0,50,4,4.8,3.04,0.88,0.44,0.68,0.34,0.56,0.264,0.76,0.384,39,75,31,72,62,15,3,1,47,1,-1,1,1,-1,-1,1,1,0,-1,-1
"93","low3",10849726,"Seine",40,4,2013-09-13,2013,9,-12,"poorlowfish","Lower","Lower Rouge",1,0,4,1,1,52.5,42.5,37.5,2.5,20,4,4.8,3.04,0.88,0.44,0.68,0.34,0.56,0.264,0.76,0.384,39,75,31,72,62,15,3,1,47,1,-1,-1,1,1,1,1,1,0,1,0
"94","low3",10849726,"Seine",65,-1,2014-08-23,2014,8,-1,"acceptable:negative","Lower","Lower Rouge",0,1,1,0,0,87.6923076923077,61.5384615384615,0,0,38.4615384615385,4,4.8,3.04,0.88,0.44,0.68,0.34,0.56,0.264,0.76,0.384,39,75,31,72,62,15,3,1,47,1,-1,1,1,-1,-1,1,1,0,-1,-1
"95","low4",10849774,"Seine",141,-2,2013-08-09,2013,8,-2,"acceptable:negative","Lower","Lower Rouge",0,2,3,1,0,90.7801418439716,48.936170212766,0,21.9858156028369,50.354609929078,18,14,10,3,2,3.06,1.53,2,2,3.42,1.728,39,75,31,72,62,15,3,1,47,1,-1,0,0,-1,-1,1,1,0,-1,0
"96","low4",10849774,"Seine",26,-4,2018-08-23,2018,8,-12,"poorlowfish","Lower","Lower Rouge",1,1,0,1,0,57.6923076923077,46.1538461538462,0,26.9230769230769,53.8461538461538,18,14,10,3,2,3.06,1.53,2,2,3.42,1.728,39,75,31,72,62,15,3,1,47,1,-1,-1,-1,-1,-1,1,1,0,-1,0
"97","low4",10849774,"Seine",50,-4,2016-08-12,2016,8,-12,"poorlowfish","Lower","Lower Rouge",2,1,2,1,1,48,26,0,26,68,18,14,10,3,2,3.06,1.53,2,2,3.42,1.728,39,75,31,72,62,15,3,1,47,1,-1,-1,0,-1,-1,1,-1,1,-1,0
"98","low4",10849774,"Seine",65,-1,2014-08-09,2014,8,-1,"acceptable:negative","Lower","Lower Rouge",1,1,2,2,1,84.6153846153846,72.3076923076923,0,47.6923076923077,20,18,14,10,3,2,3.06,1.53,2,2,3.42,1.728,39,75,31,72,62,15,3,1,47,1,-1,-1,0,0,-1,1,1,0,-1,1
"99","low4",10849774,"Seine",88,-3,2015-08-15,2015,8,-3,"acceptable:negative","Lower","Lower Rouge",0,2,2,1,0,88.6363636363636,28.4090909090909,0,14.7727272727273,64.7727272727273,18,14,10,3,2,3.06,1.53,2,2,3.42,1.728,39,75,31,72,62,15,3,1,47,1,-1,0,0,-1,-1,1,-1,1,-1,0
"100","low4",10849774,"Seine",97,-4,2017-08-12,2017,8,-4,"poor","Lower","Lower Rouge",0,1,4,1,0,38.1443298969072,24.7422680412371,1.03092783505155,16.4948453608247,72.1649484536082,18,14,10,3,2,3.06,1.53,2,2,3.42,1.728,39,75,31,72,62,15,3,1,47,1,-1,-1,1,-1,-1,-1,-1,1,0,0
"101","low5",10849802,"Seine",107,-1,2016-08-13,2016,8,-1,"acceptable:negative","Lower","Lower Rouge",0,2,3,1,0,55.1401869158878,34.5794392523364,0,15.8878504672897,63.5514018691589,33,14,10,3,2,3,2,2,2,4,2,39,75,31,72,62,15,3,1,47,1,-1,0,0,-1,-1,1,1,1,-1,0
"102","low5",10849802,"Seine",107,-2,2013-08-10,2013,8,-2,"acceptable:negative","Lower","Lower Rouge",1,2,4,1,1,75.7009345794392,25.2336448598131,0.934579439252336,28.0373831775701,73.8317757009346,33,14,10,3,2,3,2,2,2,4,2,39,75,31,72,62,15,3,1,47,1,-1,0,1,-1,-1,1,-1,1,-1,0
"103","low5",10849802,"Seine",141,-1,2017-08-25,2017,8,-1,"acceptable:negative","Lower","Lower Rouge",1,2,2,1,0,51.7730496453901,34.7517730496454,0,18.4397163120567,62.4113475177305,33,14,10,3,2,3,2,2,2,4,2,39,75,31,72,62,15,3,1,47,1,-1,0,0,-1,-1,1,1,1,-1,0
"104","low5",10849802,"Seine",182,-2,2018-08-25,2018,8,-2,"acceptable:negative","Lower","Lower Rouge",2,2,3,2,1,45.0549450549451,29.6703296703297,0,13.7362637362637,69.2307692307692,33,14,10,3,2,3,2,2,2,4,2,39,75,31,72,62,15,3,1,47,1,-1,0,0,0,-1,1,-1,1,-1,0
"105","low5",10849802,"Seine",65,0,2015-08-14,2015,8,0,"neutral","Lower","Lower Rouge",0,2,3,1,0,81.5384615384615,56.9230769230769,3.07692307692308,10.7692307692308,38.4615384615385,33,14,10,3,2,3,2,2,2,4,2,39,75,31,72,62,15,3,1,47,1,-1,0,0,-1,-1,1,1,0,1,0
"106","low5",10849802,"Seine",66,-1,2014-08-08,2014,8,-1,"acceptable:negative","Lower","Lower Rouge",0,2,2,1,0,81.8181818181818,46.969696969697,0,53.030303030303,51.5151515151515,33,14,10,3,2,3,2,2,2,4,2,39,75,31,72,62,15,3,1,47,1,-1,0,0,-1,-1,1,1,0,-1,1
"107","low6",10849810,"Seine",112,-4,2016-08-25,2016,8,-4,"poor","Lower","Lower Rouge",2,2,3,1,0,33.0357142857143,25.8928571428571,1.78571428571429,11.6071428571429,71.4285714285714,26,14,10,3,2,3,2,2,2,4,2,39,75,31,72,62,15,3,1,47,1,-1,0,0,-1,-1,-1,-1,1,0,0
"108","low6",10849810,"Seine",196,-1,2015-08-07,2015,8,-1,"acceptable:negative","Lower","Lower Rouge",0,2,4,1,0,81.1224489795918,53.5714285714286,0.510204081632653,30.6122448979592,45.9183673469388,26,14,10,3,2,3,2,2,2,4,2,39,75,31,72,62,15,3,1,47,1,-1,0,1,-1,-1,1,1,0,-1,0
"109","low6",10849810,"Seine",221,-5,2017-09-08,2017,9,-5,"poor","Lower","Lower Rouge",0,2,2,1,0,32.1266968325792,23.5294117647059,0,11.3122171945701,75.5656108597285,26,14,10,3,2,3,2,2,2,4,2,39,75,31,72,62,15,3,1,47,1,-1,0,0,-1,-1,-1,-1,1,-1,0
"110","low6",10849810,"Seine",40,-2,2014-08-02,2014,8,-12,"poorlowfish","Lower","Lower Rouge",0,2,2,1,0,72.5,62.5,0,37.5,37.5,26,14,10,3,2,3,2,2,2,4,2,39,75,31,72,62,15,3,1,47,1,-1,0,0,-1,-1,1,1,0,-1,0
"111","low6",10849810,"Seine",78,-3,2013-08-03,2013,8,-3,"acceptable:negative","Lower","Lower Rouge",1,2,3,1,0,48.7179487179487,25.6410256410256,0,29.4871794871795,73.0769230769231,26,14,10,3,2,3,2,2,2,4,2,39,75,31,72,62,15,3,1,47,1,-1,0,0,-1,-1,1,-1,1,-1,0
"112","low7",10849790,"Seine",124,-6,2020-08-20,2020,8,-6,"poor","Lower","Lower Rouge",1,1,3,1,0,8.87096774193548,8.06451612903226,0,10.4838709677419,90.3225806451613,44.1,14,10,3,2,3,2,2,2,4,2,39,75,31,72,62,15,3,1,47,1,-1,-1,0,-1,-1,-1,-1,1,-1,0
"113","low7",10849790,"Seine",126,-4,2015-08-01,2015,8,-4,"poor","Lower","Lower Rouge",0,1,1,1,0,57.1428571428571,53.968253968254,0,16.6666666666667,46.031746031746,44.1,14,10,3,2,3,2,2,2,4,2,39,75,31,72,62,15,3,1,47,1,-1,-1,-1,-1,-1,1,1,0,-1,0
"114","low7",10849790,"Seine",153,-2,2013-08-02,2013,8,-2,"acceptable:negative","Lower","Lower Rouge",0,2,2,1,0,81.0457516339869,47.0588235294118,0,17.6470588235294,50.9803921568627,44.1,14,10,3,2,3,2,2,2,4,2,39,75,31,72,62,15,3,1,47,1,-1,0,0,-1,-1,1,1,0,-1,0
"115","low7",10849790,"Seine",155,-3,2018-08-25,2018,8,-3,"acceptable:negative","Lower","Lower Rouge",4,2,2,2,2,20.6451612903226,16.7741935483871,0,21.2903225806452,81.9354838709677,44.1,14,10,3,2,3,2,2,2,4,2,39,75,31,72,62,15,3,1,47,1,-1,0,0,0,0,-1,-1,1,-1,0
"116","low7",10849790,"Seine",182,-5,2016-08-27,2016,8,-5,"poor","Lower","Lower Rouge",0,2,2,1,0,26.9230769230769,26.3736263736264,0,12.0879120879121,73.0769230769231,44.1,14,10,3,2,3,2,2,2,4,2,39,75,31,72,62,15,3,1,47,1,-1,0,0,-1,-1,-1,-1,1,-1,0
"117","low7",10849790,"Seine",195,0,2019-08-23,2019,8,0,"neutral","Lower","Lower Rouge",2,2,4,2,1,33.3333333333333,31.2820512820513,1.02564102564103,6.66666666666667,66.6666666666667,44.1,14,10,3,2,3,2,2,2,4,2,39,75,31,72,62,15,3,1,47,1,-1,0,1,0,-1,-1,1,1,0,0
"118","low7",10849790,"Seine",221,-3,2017-09-08,2017,9,-3,"acceptable:negative","Lower","Lower Rouge",4,1,3,1,1,41.1764705882353,40.2714932126697,0.452488687782805,11.3122171945701,57.0135746606335,44.1,14,10,3,2,3,2,2,2,4,2,39,75,31,72,62,15,3,1,47,1,-1,-1,0,-1,-1,1,1,0,-1,0
"119","low7",10849790,"Seine",70,-1,2014-08-02,2014,8,-1,"acceptable:negative","Lower","Lower Rouge",0,2,2,1,0,57.1428571428571,52.8571428571429,2.85714285714286,38.5714285714286,42.8571428571429,44.1,14,10,3,2,3,2,2,2,4,2,39,75,31,72,62,15,3,1,47,1,-1,0,0,-1,-1,1,1,0,0,0
"120","low8",10849790,"Seine",144,-3,2013-08-02,2013,8,-3,"acceptable:negative","Lower","Lower Rouge",0,2,3,1,0,65.9722222222222,30.5555555555556,0.694444444444444,17.3611111111111,68.75,44.1,14,10,3,2,3,2,2,2,4,2,39,75,31,72,62,15,3,1,47,1,-1,0,0,-1,-1,1,-1,1,-1,0
"121","low8",10849790,"Seine",168,-3,2017-09-09,2017,9,-3,"acceptable:negative","Lower","Lower Rouge",1,2,4,1,0,36.9047619047619,35.7142857142857,0.595238095238095,17.8571428571429,61.9047619047619,44.1,14,10,3,2,3,2,2,2,4,2,39,75,31,72,62,15,3,1,47,1,-1,0,1,-1,-1,-1,1,0,-1,0
"122","low8",10849790,"Seine",182,-5,2016-08-27,2016,8,-5,"poor","Lower","Lower Rouge",2,2,2,1,0,26.9230769230769,25.2747252747253,0,10.989010989011,72.5274725274725,44.1,14,10,3,2,3,2,2,2,4,2,39,75,31,72,62,15,3,1,47,1,-1,0,0,-1,-1,-1,-1,1,-1,0
"123","low8",10849790,"Seine",191,-4,2015-08-01,2015,8,-4,"poor","Lower","Lower Rouge",0,1,1,1,0,79.5811518324607,79.0575916230366,0,23.0366492146597,17.8010471204188,44.1,14,10,3,2,3,2,2,2,4,2,39,75,31,72,62,15,3,1,47,1,-1,-1,-1,-1,-1,1,1,0,-1,0
"124","low8",10849790,"Seine",49,-5,2014-08-23,2014,8,-12,"poorlowfish","Lower","Lower Rouge",1,1,3,1,0,34.6938775510204,28.5714285714286,2.04081632653061,22.4489795918367,69.3877551020408,44.1,14,10,3,2,3,2,2,2,4,2,39,75,31,72,62,15,3,1,47,1,-1,-1,0,-1,-1,-1,-1,1,0,0
"125","low8",10849790,"Seine",82,-2,2014-08-01,2014,8,-2,"acceptable:negative","Lower","Lower Rouge",0,2,1,1,0,40.2439024390244,31.7073170731707,0,26.8292682926829,68.2926829268293,44.1,14,10,3,2,3,2,2,2,4,2,39,75,31,72,62,15,3,1,47,1,-1,0,-1,-1,-1,1,1,1,-1,0
"126","low9",10849778,"Seine",165,-1,2020-08-19,2020,8,-1,"acceptable:negative","Lower","Lower Rouge",0,1,4,1,0,62.4242424242424,12.1212121212121,4.84848484848485,7.87878787878788,82.4242424242424,16,14,10,3,2,2.72,1.36,2,2,3.04,1.536,39,75,31,72,62,15,3,1,47,1,-1,-1,1,-1,-1,1,-1,1,1,0
"127","low9",10849778,"Seine",167,-2,2022-09-24,2022,9,-2,"acceptable:negative","Lower","Lower Rouge",1,2,3,1,0,52.0958083832335,23.9520958083832,0,8.38323353293413,73.6526946107784,16,14,10,3,2,2.72,1.36,2,2,3.04,1.536,39,75,31,72,62,15,3,1,47,1,-1,0,1,-1,-1,1,-1,1,-1,0
"128","low9",10849778,"Seine",187,-2,2018-08-17,2018,8,-2,"acceptable:negative","Lower","Lower Rouge",1,1,3,1,0,80.2139037433155,19.7860962566845,2.13903743315508,5.88235294117647,69.5187165775401,16,14,10,3,2,2.72,1.36,2,2,3.04,1.536,39,75,31,72,62,15,3,1,47,1,-1,-1,1,-1,-1,1,-1,1,0,0
"129","low9",10849778,"Seine",202,-2,2016-08-22,2016,8,-2,"acceptable:negative","Lower","Lower Rouge",1,1,3,1,1,89.1089108910891,14.3564356435644,2.47524752475248,3.46534653465347,77.2277227722772,16,14,10,3,2,2.72,1.36,2,2,3.04,1.536,39,75,31,72,62,15,3,1,47,1,-1,-1,1,-1,-1,1,-1,1,0,0
"130","low9",10849778,"Seine",261,-1,2023-07-11,2023,7,-1,"acceptable:negative","Lower","Lower Rouge",1,1,5,1,0,63.9846743295019,24.1379310344828,10.727969348659,8.04597701149425,62.0689655172414,16,14,10,3,2,2.72,1.36,2,2,3.04,1.536,39,75,31,72,62,15,3,1,47,1,-1,-1,1,-1,-1,1,-1,1,1,0
"131","low9",10849778,"Seine",296,-2,2019-08-18,2019,8,-2,"acceptable:negative","Lower","Lower Rouge",0,1,5,1,0,62.8378378378378,21.2837837837838,1.68918918918919,8.44594594594595,73.9864864864865,16,14,10,3,2,2.72,1.36,2,2,3.04,1.536,39,75,31,72,62,15,3,1,47,1,-1,-1,1,-1,-1,1,-1,1,0,0
"132","low9",10849778,"Seine",331,-4,2021-08-27,2021,8,-4,"poor","Lower","Lower Rouge",1,1,4,1,0,36.5558912386707,6.34441087613293,2.11480362537764,3.62537764350453,90.3323262839879,16,14,10,3,2,2.72,1.36,2,2,3.04,1.536,39,75,31,72,62,15,3,1,47,1,-1,-1,1,-1,-1,-1,-1,1,0,0
"133","low9",10849778,"Seine",332,-1,2017-07-28,2017,7,-1,"acceptable:negative","Lower","Lower Rouge",0,1,4,1,0,91.8674698795181,37.9518072289157,2.40963855421687,9.03614457831325,57.5301204819277,16,14,10,3,2,2.72,1.36,2,2,3.04,1.536,39,75,31,72,62,15,3,1,47,1,-1,-1,1,-1,-1,1,1,0,0,0
"134","low9",10849778,"Seine",74,-3,2015-08-29,2015,8,-3,"acceptable:negative","Lower","Lower Rouge",0,1,2,1,0,93.2432432432432,29.7297297297297,2.7027027027027,4.05405405405405,66.2162162162162,16,14,10,3,2,2.72,1.36,2,2,3.04,1.536,39,75,31,72,62,15,3,1,47,1,-1,-1,0,-1,-1,1,-1,1,0,0
"135","lr-1",10849810,"Seine",111,-2,2016-08-25,2016,8,-2,"acceptable:negative","Lower","Lower Rouge",1,2,0,1,0,45.045045045045,35.1351351351351,0,27.9279279279279,64.8648648648649,26,14,10,3,2,3,2,2,2,4,2,39,75,31,72,62,15,3,1,47,1,-1,0,-1,-1,-1,1,1,1,-1,0
"136","lr-1",10849810,"Seine",124,0,2017-08-25,2017,8,0,"neutral","Lower","Lower Rouge",1,2,4,1,0,45.9677419354839,31.4516129032258,0.806451612903226,18.5483870967742,65.3225806451613,26,14,10,3,2,3,2,2,2,4,2,39,75,31,72,62,15,3,1,47,1,-1,0,1,-1,-1,1,1,1,-1,0
"137","lr-1",10849810,"Seine",136,0,2015-08-07,2015,8,0,"neutral","Lower","Lower Rouge",0,2,3,1,0,70.5882352941177,35.2941176470588,1.47058823529412,29.4117647058824,63.2352941176471,26,14,10,3,2,3,2,2,2,4,2,39,75,31,72,62,15,3,1,47,1,-1,0,0,-1,-1,1,1,1,0,0
"138","lr-1",10849810,"Seine",160,1,2013-08-03,2013,8,1,"acceptable:postive","Lower","Lower Rouge",1,2,5,1,1,75,35.625,1.25,21.25,63.125,26,14,10,3,2,3,2,2,2,4,2,39,75,31,72,62,15,3,1,47,1,-1,0,1,-1,-1,1,1,1,0,0
"139","lr-1",10849810,"Seine",52,-2,2014-06-14,2014,6,-2,"acceptable:negative","Lower","Lower Rouge",0,2,2,1,0,73.0769230769231,65.3846153846154,0,21.1538461538462,34.6153846153846,26,14,10,3,2,3,2,2,2,4,2,39,75,31,72,62,15,3,1,47,1,-1,0,0,-1,-1,1,1,0,-1,0
"140","lr-1",10849810,"Seine",74,-1,2014-08-08,2014,8,-1,"acceptable:negative","Lower","Lower Rouge",0,2,2,1,0,67.5675675675676,32.4324324324324,0,33.7837837837838,62.1621621621622,26,14,10,3,2,3,2,2,2,4,2,39,75,31,72,62,15,3,1,47,1,-1,0,0,-1,-1,1,1,1,-1,0
"141","lr-10",10849762,"Seine",102,-7,2013-09-07,2013,9,-7,"poor","Lower","Lower Rouge",1,0,1,1,1,29.4117647058824,29.4117647058824,0.980392156862745,19.6078431372549,69.6078431372549,45.5,14,10,3,2,3,2,2,2,4,2,39,75,31,72,62,15,3,1,47,1,-1,-1,-1,-1,-1,-1,-1,1,-1,0
"142","lr-10",10849762,"Seine",130,-5,2014-06-27,2014,6,-5,"poor","Lower","Lower Rouge",1,1,3,1,0,35.3846153846154,35.3846153846154,0.769230769230769,8.46153846153846,60.7692307692308,45.5,14,10,3,2,3,2,2,2,4,2,39,75,31,72,62,15,3,1,47,1,-1,-1,0,-1,-1,-1,1,0,-1,0
"143","lr-10",10849762,"Seine",134,-6,2020-08-21,2020,8,-6,"poor","Lower","Lower Rouge",1,1,3,1,0,12.6865671641791,11.9402985074627,0,19.4029850746269,73.134328358209,45.5,14,10,3,2,3,2,2,2,4,2,39,75,31,72,62,15,3,1,47,1,-1,-1,0,-1,-1,-1,-1,1,-1,0
"144","lr-10",10849762,"Seine",169,-7,2013-06-07,2013,6,-7,"poor","Lower","Lower Rouge",1,0,0,1,0,28.9940828402367,28.9940828402367,0,10.6508875739645,69.8224852071006,45.5,14,10,3,2,3,2,2,2,4,2,39,75,31,72,62,15,3,1,47,1,-1,-1,-1,-1,-1,-1,-1,1,-1,0
"145","lr-10",10849762,"Seine",190,-6,2018-09-14,2018,9,-6,"poor","Lower","Lower Rouge",4,1,2,1,0,11.5789473684211,11.5789473684211,0.526315789473684,11.0526315789474,85.7894736842105,45.5,14,10,3,2,3,2,2,2,4,2,39,75,31,72,62,15,3,1,47,1,-1,-1,0,-1,-1,-1,-1,1,-1,0
"146","lr-10",10849762,"Seine",203,-5,2016-08-26,2016,8,-5,"poor","Lower","Lower Rouge",2,2,2,1,1,25.1231527093596,24.6305418719212,0.492610837438424,16.7487684729064,73.3990147783251,45.5,14,10,3,2,3,2,2,2,4,2,39,75,31,72,62,15,3,1,47,1,-1,0,0,-1,-1,-1,-1,1,-1,0
"147","lr-10",10849762,"Seine",237,-6,2017-09-09,2017,9,-6,"poor","Lower","Lower Rouge",4,2,1,1,0,22.3628691983122,21.5189873417722,0,12.2362869198312,70.042194092827,45.5,14,10,3,2,3,2,2,2,4,2,39,75,31,72,62,15,3,1,47,1,-1,0,-1,-1,-1,-1,-1,1,-1,0
"148","lr-10",10849762,"Seine",243,-7,2019-08-24,2019,8,-7,"poor","Lower","Lower Rouge",2,1,1,1,0,15.6378600823045,15.6378600823045,0,7.81893004115226,75.7201646090535,45.5,14,10,3,2,3,2,2,2,4,2,39,75,31,72,62,15,3,1,47,1,-1,-1,-1,-1,-1,-1,-1,1,-1,0
"149","lr-10",10849762,"Seine",26,-7,2022-07-05,2022,7,-12,"poorlowfish","Lower","Lower Rouge",1,1,1,0,0,3.84615384615385,3.84615384615385,0,3.84615384615385,88.4615384615385,45.5,14,10,3,2,3,2,2,2,4,2,39,75,31,72,62,15,3,1,47,1,-1,-1,-1,-1,-1,-1,-1,1,-1,0
"150","lr-10",10849762,"Seine",37,-3,2016-06-03,2016,6,-12,"poorlowfish","Lower","Lower Rouge",1,0,3,1,1,67.5675675675676,64.8648648648649,0,37.8378378378378,29.7297297297297,45.5,14,10,3,2,3,2,2,2,4,2,39,75,31,72,62,15,3,1,47,1,-1,-1,0,-1,-1,1,1,0,-1,0
"151","lr-10",10849762,"Seine",45,-3,2014-09-20,2014,9,-12,"poorlowfish","Lower","Lower Rouge",0,2,0,1,0,57.7777777777778,48.8888888888889,0,24.4444444444444,51.1111111111111,45.5,14,10,3,2,3,2,2,2,4,2,39,75,31,72,62,15,3,1,47,1,-1,0,-1,-1,-1,1,1,0,-1,0
"152","lr-10",10849762,"Seine",57,-6,2021-09-03,2021,9,-6,"poor","Lower","Lower Rouge",1,1,2,1,0,29.8245614035088,26.3157894736842,0,12.280701754386,66.6666666666667,45.5,14,10,3,2,3,2,2,2,4,2,39,75,31,72,62,15,3,1,47,1,-1,-1,0,-1,-1,-1,-1,1,-1,0
"153","lr-10",10849762,"Seine",83,-6,2023-07-12,2023,7,-6,"poor","Lower","Lower Rouge",0,2,0,1,0,15.6626506024096,15.6626506024096,0,26.5060240963855,84.3373493975904,45.5,14,10,3,2,3,2,2,2,4,2,39,75,31,72,62,15,3,1,47,1,-1,0,-1,-1,-1,-1,-1,1,-1,0
"154","lr-10",10849762,"Seine",84,-3,2015-08-22,2015,8,-3,"acceptable:negative","Lower","Lower Rouge",0,0,3,1,0,44.047619047619,42.8571428571429,0,21.4285714285714,57.1428571428571,45.5,14,10,3,2,3,2,2,2,4,2,39,75,31,72,62,15,3,1,47,1,-1,-1,0,-1,-1,1,1,0,-1,0
"155","lr-10",10849762,"Shocking",76,-3,2022-07-05,2022,7,-3,"acceptable:negative","Lower","Lower Rouge",2,0,2,1,0,60.5263157894737,32.8947368421053,0,17.1052631578947,61.8421052631579,45.5,14,10,3,2,3,2,2,2,4,2,39,75,31,72,62,15,3,1,47,1,-1,-1,0,-1,-1,1,1,0,-1,0
"156","lr-11",10850162,"Seine",80,-5,2013-06-21,2013,6,-5,"poor","Lower","Lower Rouge",1,1,2,1,0,23.75,22.5,2.5,3.75,73.75,25,14,10,3,2,3,2,2,2,4,2,39,75,31,72,62,15,3,1,47,1,-1,-1,0,-1,-1,-1,-1,1,0,0
"157","lr-11a",10850162,"Seine",104,-4,2015-08-22,2015,8,-4,"poor","Lower","Lower Rouge",2,0,1,1,0,69.2307692307692,69.2307692307692,0.961538461538462,15.3846153846154,29.8076923076923,30.4666666666667,14,10,3,2,3,2,2,2,4,2,39,75,31,72,62,15,3,1,47,1,-1,-1,-1,-1,-1,1,1,0,-1,0
"158","lr-11a",10850162,"Seine",106,-6,2021-09-03,2021,9,-6,"poor","Lower","Lower Rouge",5,1,2,0,1,5.66037735849057,5.66037735849057,0.943396226415094,3.77358490566038,93.3962264150943,30.4666666666667,14,10,3,2,3,2,2,2,4,2,39,75,31,72,62,15,3,1,47,1,-1,-1,0,-1,-1,-1,-1,1,-1,0
"159","lr-11a",10850162,"Seine",136,-2,2014-09-20,2014,9,-2,"acceptable:negative","Lower","Lower Rouge",3,2,2,1,1,54.4117647058823,48.5294117647059,0.735294117647059,5.88235294117647,42.6470588235294,30.4666666666667,14,10,3,2,3,2,2,2,4,2,39,75,31,72,62,15,3,1,47,1,-1,0,0,-1,-1,1,1,0,-1,0
"160","lr-11a",10850162,"Seine",185,-4,2016-06-03,2016,6,-4,"poor","Lower","Lower Rouge",4,2,1,2,0,35.1351351351351,33.5135135135135,0,6.48648648648649,56.7567567567568,30.4666666666667,14,10,3,2,3,2,2,2,4,2,39,75,31,72,62,15,3,1,47,1,-1,0,-1,0,-1,-1,1,0,-1,0
"161","lr-11a",10850162,"Seine",187,-6,2020-08-21,2020,8,-6,"poor","Lower","Lower Rouge",5,2,1,1,0,4.81283422459893,4.27807486631016,0,2.67379679144385,90.9090909090909,30.4666666666667,14,10,3,2,3,2,2,2,4,2,39,75,31,72,62,15,3,1,47,1,-1,0,-1,-1,-1,-1,-1,1,-1,0
"162","lr-11a",10850162,"Seine",224,-4,2018-09-14,2018,9,-4,"poor","Lower","Lower Rouge",6,1,2,1,1,13.8392857142857,10.2678571428571,3.125,7.14285714285714,85.2678571428571,30.4666666666667,14,10,3,2,3,2,2,2,4,2,39,75,31,72,62,15,3,1,47,1,-1,-1,0,-1,-1,-1,-1,1,1,0
"163","lr-11a",10850162,"Seine",240,-6,2023-07-19,2023,7,-6,"poor","Lower","Lower Rouge",4,3,1,1,0,16.25,15.4166666666667,0,7.91666666666667,82.0833333333333,30.4666666666667,14,10,3,2,3,2,2,2,4,2,39,75,31,72,62,15,3,1,47,1,-1,0,-1,-1,-1,-1,-1,1,-1,0
"164","lr-11a",10850162,"Seine",312,-4,2016-08-26,2016,8,-4,"poor","Lower","Lower Rouge",6,1,2,0,1,41.9871794871795,41.025641025641,0.32051282051282,0.961538461538462,29.8076923076923,30.4666666666667,14,10,3,2,3,2,2,2,4,2,39,75,31,72,62,15,3,1,47,1,-1,-1,0,-1,-1,1,1,0,-1,-1
"165","lr-11a",10850162,"Seine",354,-6,2019-08-24,2019,8,-6,"poor","Lower","Lower Rouge",4,2,1,1,0,28.5310734463277,26.271186440678,0,3.95480225988701,70.9039548022599,30.4666666666667,14,10,3,2,3,2,2,2,4,2,39,75,31,72,62,15,3,1,47,1,-1,0,-1,-1,-1,-1,-1,1,-1,0
"166","lr-11a",10850162,"Seine",38,-4,2022-07-05,2022,7,-12,"poorlowfish","Lower","Lower Rouge",4,0,3,1,1,10.5263157894737,7.89473684210526,7.89473684210526,7.89473684210526,63.1578947368421,30.4666666666667,14,10,3,2,3,2,2,2,4,2,39,75,31,72,62,15,3,1,47,1,-1,-1,0,-1,-1,-1,-1,1,1,0
"167","lr-11a",10850162,"Seine",614,-7,2017-09-09,2017,9,-7,"poor","Lower","Lower Rouge",5,1,0,1,0,9.12052117263844,8.63192182410423,0,2.93159609120521,87.785016286645,30.4666666666667,14,10,3,2,3,2,2,2,4,2,39,75,31,72,62,15,3,1,47,1,-1,-1,-1,-1,-1,-1,-1,1,-1,0
"168","lr-11a",10850162,"Seine",95,-4,2014-06-27,2014,6,-4,"poor","Lower","Lower Rouge",3,1,2,1,1,17.8947368421053,16.8421052631579,6.31578947368421,15.7894736842105,74.7368421052632,30.4666666666667,14,10,3,2,3,2,2,2,4,2,39,75,31,72,62,15,3,1,47,1,-1,-1,0,-1,-1,-1,-1,1,1,0
"169","lr-11a",10850162,"Shocking",29,-4,2022-07-05,2022,7,-12,"poorlowfish","Lower","Lower Rouge",6,1,3,1,2,27.5862068965517,27.5862068965517,6.89655172413793,10.3448275862069,37.9310344827586,30.4666666666667,14,10,3,2,3,2,2,2,4,2,39,75,31,72,62,15,3,1,47,1,-1,-1,0,-1,0,-1,-1,0,1,0
"170","lr-12",10849800,"Seine",111,-2,2016-08-13,2016,8,-2,"acceptable:negative","Lower","Lower Rouge",2,1,2,2,1,52.2522522522522,39.6396396396396,0,8.10810810810811,58.5585585585586,29.1666666666667,14,10,3,2,3,2,2,2,4,2,39,75,31,72,62,15,3,1,47,1,-1,-1,0,0,-1,1,1,0,-1,0
"171","lr-12",10849800,"Seine",123,0,2020-08-20,2020,8,0,"neutral","Lower","Lower Rouge",3,1,4,2,2,45.5284552845528,35.7723577235772,0.813008130081301,9.75609756097561,60.1626016260163,29.1666666666667,14,10,3,2,3,2,2,2,4,2,39,75,31,72,62,15,3,1,47,1,-1,-1,1,0,0,1,1,0,-1,0
"172","lr-12",10849800,"Seine",124,0,2015-08-14,2015,8,0,"neutral","Lower","Lower Rouge",2,2,2,2,2,83.8709677419355,55.6451612903226,0,34.6774193548387,40.3225806451613,29.1666666666667,14,10,3,2,3,2,2,2,4,2,39,75,31,72,62,15,3,1,47,1,-1,0,0,0,0,1,1,0,-1,0
"173","lr-12",10849800,"Seine",137,-2,2018-09-14,2018,9,-2,"acceptable:negative","Lower","Lower Rouge",2,1,2,2,1,47.4452554744526,40.8759124087591,0,17.5182481751825,59.1240875912409,29.1666666666667,14,10,3,2,3,2,2,2,4,2,39,75,31,72,62,15,3,1,47,1,-1,-1,0,0,-1,1,1,0,-1,0
"174","lr-12",10849800,"Seine",153,-2,2019-08-23,2019,8,-2,"acceptable:negative","Lower","Lower Rouge",3,1,3,1,2,43.7908496732026,20.9150326797386,47.0588235294118,7.84313725490196,27.4509803921569,29.1666666666667,14,10,3,2,3,2,2,2,4,2,39,75,31,72,62,15,3,1,47,1,-1,-1,0,-1,0,1,-1,0,1,0
"175","lr-12",10849800,"Seine",167,-1,2023-07-12,2023,7,-1,"acceptable:negative","Lower","Lower Rouge",2,3,3,2,2,39.5209580838323,22.1556886227545,0,34.1317365269461,77.2455089820359,29.1666666666667,14,10,3,2,3,2,2,2,4,2,39,75,31,72,62,15,3,1,47,1,-1,0,0,0,0,1,-1,1,-1,0
"176","lr-12",10849800,"Seine",172,-6,2017-08-12,2017,8,-6,"poor","Lower","Lower Rouge",2,2,1,1,1,32.5581395348837,24.4186046511628,0,12.2093023255814,75,29.1666666666667,14,10,3,2,3,2,2,2,4,2,39,75,31,72,62,15,3,1,47,1,-1,0,-1,-1,-1,-1,-1,1,-1,0
"177","lr-12",10849800,"Seine",255,2,2013-08-09,2013,8,2,"acceptable:postive","Lower","Lower Rouge",2,2,4,2,2,80,32.5490196078431,0.784313725490196,27.843137254902,64.7058823529412,29.1666666666667,14,10,3,2,3,2,2,2,4,2,39,75,31,72,62,15,3,1,47,1,-1,0,1,0,0,1,1,1,-1,0
"178","lr-12",10849800,"Seine",285,-1,2015-09-12,2015,9,-1,"acceptable:negative","Lower","Lower Rouge",3,2,3,2,2,61.0526315789474,27.0175438596491,0,20.7017543859649,71.2280701754386,29.1666666666667,14,10,3,2,3,2,2,2,4,2,39,75,31,72,62,15,3,1,47,1,-1,0,0,0,0,1,-1,1,-1,0
"179","lr-12",10849800,"Seine",44,0,2014-08-09,2014,8,-12,"poorlowfish","Lower","Lower Rouge",0,1,4,1,0,75,38.6363636363636,4.54545454545455,34.0909090909091,52.2727272727273,29.1666666666667,14,10,3,2,3,2,2,2,4,2,39,75,31,72,62,15,3,1,47,1,-1,-1,1,-1,-1,1,1,0,1,0
"180","lr-12",10849800,"Seine",62,0,2014-07-11,2014,7,0,"neutral","Lower","Lower Rouge",1,2,3,2,1,69.3548387096774,41.9354838709677,1.61290322580645,29.0322580645161,43.5483870967742,29.1666666666667,14,10,3,2,3,2,2,2,4,2,39,75,31,72,62,15,3,1,47,1,-1,0,0,0,-1,1,1,0,0,0
"181","lr-12",10849800,"Seine",82,-5,2021-09-02,2021,9,-5,"poor","Lower","Lower Rouge",2,2,3,1,1,37.8048780487805,28.0487804878049,0,7.31707317073171,69.5121951219512,29.1666666666667,14,10,3,2,3,2,2,2,4,2,39,75,31,72,62,15,3,1,47,1,-1,0,0,-1,-1,-1,-1,1,-1,0
"182","lr-12",10849800,"Seine",89,-4,2022-07-20,2022,7,-4,"poor","Lower","Lower Rouge",4,1,3,2,2,30.3370786516854,22.4719101123595,0,21.3483146067416,66.2921348314607,29.1666666666667,14,10,3,2,3,2,2,2,4,2,39,75,31,72,62,15,3,1,47,1,-1,-1,0,0,0,-1,-1,1,-1,0
"183","lr-12",10849800,"Shocking",140,1,2022-07-20,2022,7,1,"acceptable:postive","Lower","Lower Rouge",3,2,4,2,1,45,31.4285714285714,0.714285714285714,25.7142857142857,63.5714285714286,29.1666666666667,14,10,3,2,3,2,2,2,4,2,39,75,31,72,62,15,3,1,47,1,-1,0,1,0,-1,1,1,1,-1,0
"184","lr-2",10850168,"Seine",106,-3,2016-08-12,2016,8,-3,"acceptable:negative","Lower","Lower Rouge",2,0,3,1,1,66.9811320754717,44.3396226415094,0,41.5094339622642,42.4528301886792,29.0666666666667,14,10,3,2,3,2,2,2,4,2,39,75,31,72,62,15,3,1,47,1,-1,-1,0,-1,-1,1,1,0,-1,0
"185","lr-2",10850168,"Seine",127,-5,2018-08-23,2018,8,-5,"poor","Lower","Lower Rouge",3,1,0,1,0,44.8818897637795,3.93700787401575,0,2.36220472440945,95.2755905511811,29.0666666666667,14,10,3,2,3,2,2,2,4,2,39,75,31,72,62,15,3,1,47,1,-1,-1,-1,-1,-1,1,-1,1,-1,0
"186","lr-2",10850168,"Seine",161,-2,2019-08-18,2019,8,-2,"acceptable:negative","Lower","Lower Rouge",3,1,4,1,1,55.2795031055901,22.9813664596273,1.24223602484472,4.96894409937888,71.4285714285714,29.0666666666667,14,10,3,2,3,2,2,2,4,2,39,75,31,72,62,15,3,1,47,1,-1,-1,1,-1,-1,1,-1,1,0,0
"187","lr-2",10850168,"Seine",171,-6,2021-08-27,2021,8,-6,"poor","Lower","Lower Rouge",3,1,3,0,0,14.6198830409357,2.33918128654971,0.584795321637427,1.16959064327485,83.0409356725146,29.0666666666667,14,10,3,2,3,2,2,2,4,2,39,75,31,72,62,15,3,1,47,1,-1,-1,0,-1,-1,-1,-1,1,-1,0
"188","lr-2",10850168,"Seine",208,-6,2017-08-11,2017,8,-6,"poor","Lower","Lower Rouge",3,1,3,1,0,38.4615384615385,19.7115384615385,0.480769230769231,25,73.5576923076923,29.0666666666667,14,10,3,2,3,2,2,2,4,2,39,75,31,72,62,15,3,1,47,1,-1,-1,0,-1,-1,-1,-1,1,-1,0
"189","lr-2",10850168,"Seine",39,-5,2014-08-22,2014,8,-12,"poorlowfish","Lower","Lower Rouge",1,1,2,1,1,46.1538461538462,23.0769230769231,0,23.0769230769231,53.8461538461538,29.0666666666667,14,10,3,2,3,2,2,2,4,2,39,75,31,72,62,15,3,1,47,1,-1,-1,0,-1,-1,1,-1,0,-1,0
"190","lr-2",10850168,"Seine",43,-6,2013-09-06,2013,9,-12,"poorlowfish","Lower","Lower Rouge",0,1,1,0,0,27.906976744186,13.953488372093,0,72.093023255814,86.046511627907,29.0666666666667,14,10,3,2,3,2,2,2,4,2,39,75,31,72,62,15,3,1,47,1,-1,-1,-1,-1,-1,-1,-1,1,-1,1
"191","lr-2",10850168,"Seine",81,-4,2020-08-19,2020,8,-4,"poor","Lower","Lower Rouge",1,1,3,1,0,38.2716049382716,6.17283950617284,4.93827160493827,3.7037037037037,86.4197530864197,29.0666666666667,14,10,3,2,3,2,2,2,4,2,39,75,31,72,62,15,3,1,47,1,-1,-1,0,-1,-1,-1,-1,1,1,0
"192","lr-2",10850168,"Shocking",138,-1,2022-07-19,2022,7,-1,"acceptable:negative","Lower","Lower Rouge",4,1,2,2,2,42.0289855072464,13.768115942029,1.44927536231884,5.79710144927536,71.7391304347826,29.0666666666667,14,10,3,2,3,2,2,2,4,2,39,75,31,72,62,15,3,1,47,1,-1,-1,0,0,0,1,-1,1,0,0
"193","lr-3",10849790,"Seine",39,-5,2015-08-29,2015,8,-12,"poorlowfish","Lower","Lower Rouge",0,2,0,0,0,38.4615384615385,35.8974358974359,0,20.5128205128205,61.5384615384615,44.1,14,10,3,2,3,2,2,2,4,2,39,75,31,72,62,15,3,1,47,1,-1,0,-1,-1,-1,-1,1,0,-1,0
"194","lr-5",10849756,"Seine",126,-2,2014-06-13,2014,6,-2,"acceptable:negative","Lower","Fellows Creek",0,1,2,1,0,85.7142857142857,36.5079365079365,0,15.8730158730159,62.6984126984127,18.5666666666667,14,10,3,2,3.15633333333334,1.57816666666667,2,2,3.52766666666667,1.7824,39,75,31,72,62,15,3,1,47,1,-1,-1,0,-1,-1,1,1,1,-1,0
"195","lr-5",10849756,"Seine",141,-2,2015-08-14,2015,8,-2,"acceptable:negative","Lower","Fellows Creek",0,1,5,1,0,90.0709219858156,56.0283687943262,0.709219858156028,24.822695035461,42.5531914893617,18.5666666666667,14,10,3,2,3.15633333333334,1.57816666666667,2,2,3.52766666666667,1.7824,39,75,31,72,62,15,3,1,47,1,-1,-1,1,-1,-1,1,1,0,-1,0
"196","lr-5",10849756,"Seine",176,-3,2016-08-25,2016,8,-3,"acceptable:negative","Lower","Fellows Creek",0,1,3,1,0,91.4772727272727,40.3409090909091,0,17.0454545454545,59.6590909090909,18.5666666666667,14,10,3,2,3.15633333333334,1.57816666666667,2,2,3.52766666666667,1.7824,39,75,31,72,62,15,3,1,47,1,-1,-1,0,-1,-1,1,1,0,-1,0
"197","lr-5",10849756,"Seine",189,-1,2013-08-10,2013,8,-1,"acceptable:negative","Lower","Fellows Creek",0,1,4,1,0,72.4867724867725,31.7460317460317,0,33.8624338624339,66.6666666666667,18.5666666666667,14,10,3,2,3.15633333333334,1.57816666666667,2,2,3.52766666666667,1.7824,39,75,31,72,62,15,3,1,47,1,-1,-1,1,-1,-1,1,1,1,-1,0
"198","lr-5",10849756,"Seine",217,-2,2014-08-22,2014,8,-2,"acceptable:negative","Lower","Fellows Creek",0,2,4,1,0,91.705069124424,25.8064516129032,0,25.3456221198157,72.3502304147465,18.5666666666667,14,10,3,2,3.15633333333334,1.57816666666667,2,2,3.52766666666667,1.7824,39,75,31,72,62,15,3,1,47,1,-1,0,1,-1,-1,1,-1,1,-1,0
"199","lr-5",10849756,"Shocking",99,-2,2022-07-11,2022,7,-2,"acceptable:negative","Lower","Fellows Creek",0,1,3,1,0,64.6464646464647,34.3434343434343,0,22.2222222222222,63.6363636363636,18.5666666666667,14,10,3,2,3.15633333333334,1.57816666666667,2,2,3.52766666666667,1.7824,39,75,31,72,62,15,3,1,47,1,-1,-1,0,-1,-1,1,1,1,-1,0
"200","lr-6",10849790,"Seine",112,-3,2013-09-06,2013,9,-3,"acceptable:negative","Lower","Lower Rouge",1,2,5,1,1,31.25,11.6071428571429,1.78571428571429,35.7142857142857,81.25,44.1,14,10,3,2,3,2,2,2,4,2,39,75,31,72,62,15,3,1,47,1,-1,0,1,-1,-1,-1,-1,1,0,0
"201","lr-6",10849790,"Seine",32,-4,2014-06-14,2014,6,-12,"poorlowfish","Lower","Lower Rouge",0,2,1,0,0,34.375,31.25,0,21.875,68.75,44.1,14,10,3,2,3,2,2,2,4,2,39,75,31,72,62,15,3,1,47,1,-1,0,-1,-1,-1,-1,1,1,-1,0
"202","lr-6",10849790,"Seine",62,-1,2013-06-07,2013,6,-1,"acceptable:negative","Lower","Lower Rouge",0,2,3,1,0,62.9032258064516,37.0967741935484,0,19.3548387096774,62.9032258064516,44.1,14,10,3,2,3,2,2,2,4,2,39,75,31,72,62,15,3,1,47,1,-1,0,0,-1,-1,1,1,1,-1,0
"203","lr-6",10849790,"Seine",62,-1,2014-08-01,2014,8,-1,"acceptable:negative","Lower","Lower Rouge",0,2,3,1,0,50,19.3548387096774,4.83870967741935,22.5806451612903,75.8064516129032,44.1,14,10,3,2,3,2,2,2,4,2,39,75,31,72,62,15,3,1,47,1,-1,0,0,-1,-1,1,-1,1,1,0
"204","lr-6",10849790,"Shocking",107,-3,2022-06-28,2022,6,-3,"acceptable:negative","Lower","Lower Rouge",1,1,3,2,1,40.1869158878505,27.1028037383178,0.934579439252336,23.3644859813084,71.0280373831776,44.1,14,10,3,2,3,2,2,2,4,2,39,75,31,72,62,15,3,1,47,1,-1,-1,0,0,-1,1,-1,1,-1,0
"205","lr-8",10849778,"Seine",246,0,2014-09-05,2014,9,0,"neutral","Lower","Lower Rouge",1,1,3,1,0,69.1056910569106,51.6260162601626,5.6910569105691,29.2682926829268,34.1463414634146,15,14,10,3,2,2.55,1.275,2,2,2.85,1.44,39,75,31,72,62,15,3,1,47,1,-1,-1,1,-1,-1,1,1,0,1,0
"206","lr-8",10849778,"Seine",329,-1,2013-09-13,2013,9,-1,"acceptable:negative","Lower","Lower Rouge",0,1,3,1,0,62.9179331306991,43.4650455927052,2.7355623100304,37.0820668693009,50.4559270516717,15,14,10,3,2,2.55,1.275,2,2,2.85,1.44,39,75,31,72,62,15,3,1,47,1,-1,-1,1,-1,-1,1,1,0,0,0
"207","main1",10848426,"Seine",107,-1,2021-06-11,2021,6,-1,"acceptable:negative","Main","Main Rouge",1,1,4,0,1,44.8598130841121,27.1028037383178,1.86915887850467,42.0560747663551,71.0280373831776,10,12,7.6,2.2,1.1,1.7,0.85,1.4,0.66,1.9,0.96,39,75,31,72,62,15,3,1,47,1,-1,-1,1,-1,0,1,-1,1,0,0
"208","main1",10848426,"Seine",179,-2,2016-09-23,2016,9,-2,"acceptable:negative","Main","Main Rouge",1,1,5,1,1,37.9888268156425,26.8156424581006,13.4078212290503,24.0223463687151,53.072625698324,10,12,7.6,2.2,1.1,1.7,0.85,1.4,0.66,1.9,0.96,39,75,31,72,62,15,3,1,47,1,-1,-1,1,0,0,-1,-1,0,1,0
"209","main1",10848426,"Seine",316,2,2020-07-30,2020,7,2,"acceptable:postive","Main","Main Rouge",1,1,4,1,1,49.0506329113924,37.6582278481013,6.0126582278481,8.54430379746835,55.379746835443,10,12,7.6,2.2,1.1,1.7,0.85,1.4,0.66,1.9,0.96,39,75,31,72,62,15,3,1,47,1,-1,-1,1,0,0,1,1,0,1,0
"210","main10",10849770,"Seine",136,-6,2014-07-21,2014,7,-6,"poor","Main","Main Rouge",2,2,3,0,0,3.67647058823529,2.94117647058824,0.735294117647059,0.735294117647059,96.3235294117647,100.666666666667,14,10,3,2,3,2,2,2,4,2,39,75,31,72,62,15,3,1,47,1,-1,0,0,-1,-1,-1,-1,1,-1,-1
"211","main10",10849770,"Seine",186,-5,2013-09-07,2013,9,-5,"poor","Main","Main Rouge",5,2,2,0,1,7.52688172043011,5.3763440860215,0.537634408602151,1.0752688172043,89.7849462365591,100.666666666667,14,10,3,2,3,2,2,2,4,2,39,75,31,72,62,15,3,1,47,1,-1,0,0,-1,-1,-1,-1,1,-1,0
"212","main10",10849770,"Seine",258,-5,2011-08-29,2011,8,-5,"poor","Main","Main Rouge",3,1,2,0,1,4.65116279069767,4.26356589147287,5.81395348837209,0,89.922480620155,100.666666666667,14,10,3,2,3,2,2,2,4,2,39,75,31,72,62,15,3,1,47,1,-1,-1,0,-1,-1,-1,-1,1,1,-1
"213","main10",10849770,"Seine",306,-6,2013-06-21,2013,6,-6,"poor","Main","Main Rouge",3,1,3,0,0,15.6862745098039,15.0326797385621,0.980392156862745,3.26797385620915,83.3333333333333,100.666666666667,14,10,3,2,3,2,2,2,4,2,39,75,31,72,62,15,3,1,47,1,-1,-1,0,-1,-1,-1,-1,1,-1,0
"214","main10",10849770,"Seine",570,-4,2014-09-26,2014,9,-4,"poor","Main","Main Rouge",5,1,4,0,2,3.68421052631579,3.68421052631579,1.57894736842105,0.175438596491228,94.3859649122807,100.666666666667,14,10,3,2,3,2,2,2,4,2,39,75,31,72,62,15,3,1,47,1,-1,-1,1,-1,0,-1,-1,1,0,-1
"215","main10",10849770,"Shocking",78,2,2022-07-22,2022,7,2,"acceptable:postive","Main","Main Rouge",8,0,5,2,2,52.5641025641026,50,23.0769230769231,3.84615384615385,15.3846153846154,100.666666666667,14,10,3,2,3,2,2,2,4,2,39,75,31,72,62,15,3,1,47,1,-1,-1,1,0,0,1,1,0,1,0
"216","main11",10848598,"Seine",124,-2,2016-09-28,2016,9,-2,"acceptable:negative","Main","Quarton Branch",1,0,4,1,1,33.0645161290323,33.0645161290323,17.741935483871,5.64516129032258,49.1935483870968,21.3333333333333,14,10,3,2,3,2,2,2,4.05333333333333,2.048,39,75,31,72,62,15,3,1,47,1,-1,-1,1,-1,-1,-1,1,0,1,0
"217","main11",10848598,"Shocking",107,-4,2022-06-29,2022,6,-4,"poor","Main","Quarton Branch",1,0,5,1,1,14.018691588785,14.018691588785,23.3644859813084,7.47663551401869,61.6822429906542,21.3333333333333,14,10,3,2,3,2,2,2,4.05333333333333,2.048,39,75,31,72,62,15,3,1,47,1,-1,-1,1,-1,-1,-1,-1,0,1,0
"218","main12n",10849770,"Seine",115,-6,2017-09-29,2017,9,-6,"poor","Main","Main Rouge",1,0,1,1,0,35.6521739130435,35.6521739130435,0,1.73913043478261,53.9130434782609,87.6666666666667,14,10,3,2,3,2,2,2,4,2,39,75,31,72,62,15,3,1,47,1,-1,-1,-1,-1,-1,-1,1,0,-1,0
"219","main12n",10849770,"Seine",396,-2,2020-08-07,2020,8,-2,"acceptable:negative","Main","Main Rouge",5,2,4,0,0,13.8888888888889,12.8787878787879,5.05050505050505,1.51515151515152,80.3030303030303,87.6666666666667,14,10,3,2,3,2,2,2,4,2,39,75,31,72,62,15,3,1,47,1,-1,0,1,-1,-1,-1,-1,1,1,0
"220","main12n",10849770,"Seine",408,-6,2019-09-06,2019,9,-6,"poor","Main","Main Rouge",5,1,2,0,0,20.343137254902,20.0980392156863,1.47058823529412,0,73.7745098039216,87.6666666666667,14,10,3,2,3,2,2,2,4,2,39,75,31,72,62,15,3,1,47,1,-1,-1,0,-1,-1,-1,-1,1,0,-1
"221","main12n",10849770,"Shocking",31,-2,2022-07-22,2022,7,-12,"poorlowfish","Main","Main Rouge",3,0,5,1,0,38.7096774193548,38.7096774193548,9.67741935483871,6.45161290322581,16.1290322580645,87.6666666666667,14,10,3,2,3,2,2,2,4,2,39,75,31,72,62,15,3,1,47,1,-1,-1,1,-1,-1,-1,1,0,1,0
"222","main13",10848472,"Seine",247,-4,2016-09-23,2016,9,-4,"poor","Main","Main Rouge",2,1,3,1,1,5.66801619433198,4.04858299595142,1.61943319838057,61.1336032388664,76.1133603238866,23.7333333333333,14,10,3,2,3,2,2,2,4.50933333333333,2.2784,39,75,31,72,62,15,3,1,47,1,-1,-1,0,-1,-1,-1,-1,1,0,1
"223","main13",10848472,"Seine",366,-2,2018-06-01,2018,6,-2,"acceptable:negative","Main","Main Rouge",2,1,4,1,1,9.01639344262295,8.19672131147541,3.00546448087432,62.8415300546448,67.75956284153,23.7333333333333,14,10,3,2,3,2,2,2,4.50933333333333,2.2784,39,75,31,72,62,15,3,1,47,1,-1,-1,1,-1,-1,-1,-1,1,1,1
"224","main13",10848472,"Shocking",143,0,2022-06-24,2022,6,0,"neutral","Main","Main Rouge",2,1,4,1,1,41.2587412587413,17.4825174825175,4.1958041958042,54.5454545454545,72.7272727272727,23.7333333333333,14,10,3,2,3,2,2,2,4.50933333333333,2.2784,39,75,31,72,62,15,3,1,47,1,-1,-1,1,-1,-1,1,-1,1,1,1
"225","main14",10850152,"Seine",219,-5,2017-09-15,2017,9,-5,"poor","Main","Main Rouge",0,1,0,1,0,94.9771689497717,90.8675799086758,0,1.36986301369863,9.1324200913242,35.8933333333333,14,10,3,2,3,2,2,2,4,2,39,75,31,72,62,15,3,1,47,1,-1,-1,-1,-1,-1,1,1,-1,-1,0
"226","main15",10848472,"Seine",91,-1,2017-06-24,2017,6,-1,"acceptable:negative","Main","Main Rouge",1,1,3,1,1,62.6373626373626,35.1648351648352,6.59340659340659,25.2747252747253,56.043956043956,19.3095238095238,14,10,3,2,3.28261904761905,1.64130952380952,2,2,3.66880952380952,1.85371428571428,39,75,31,72,62,15,3,1,47,1,-1,-1,0,-1,-1,1,1,0,1,0
"227","main16",10848450,"Seine",224,-2,2017-07-14,2017,7,-2,"acceptable:negative","Main","Quarton Branch",2,0,2,1,2,13.8392857142857,13.8392857142857,0,3.57142857142857,85.7142857142857,10,12,7.6,2.2,1.1,1.7,0.85,1.4,0.66,1.9,0.96,39,75,31,72,62,15,3,1,47,1,-1,-1,1,0,1,-1,-1,1,-1,0
"228","main17",10849364,"Seine",160,-1,2017-06-24,2017,6,-1,"acceptable:negative","Main","Main Rouge",1,2,3,1,1,53.125,33.125,0,55,58.125,20,14,10,3,2,3,2,2,2,3.8,1.92,39,75,31,72,62,15,3,1,47,1,-1,0,0,-1,-1,1,1,0,-1,1
"229","main18",10848472,"Seine",151,2,2017-07-14,2017,7,2,"acceptable:postive","Main","Main Rouge",2,1,4,1,2,47.682119205298,31.7880794701987,3.3112582781457,39.7350993377483,62.2516556291391,15.5666666666667,14,10,3,2,2.64633333333334,1.32316666666667,2,2,2.95766666666667,1.4944,39,75,31,72,62,15,3,1,47,1,-1,-1,1,-1,0,1,1,1,1,0
"230","main18",10848472,"Seine",166,-1,2018-06-01,2018,6,-1,"acceptable:negative","Main","Main Rouge",2,1,3,1,2,69.2771084337349,56.0240963855422,0.602409638554217,26.5060240963855,41.566265060241,15.5666666666667,14,10,3,2,2.64633333333334,1.32316666666667,2,2,2.95766666666667,1.4944,39,75,31,72,62,15,3,1,47,1,-1,-1,1,-1,0,1,1,0,-1,0
"231","main18",10848472,"Shocking",137,1,2022-06-24,2022,6,1,"acceptable:postive","Main","Main Rouge",1,1,4,1,1,51.8248175182482,32.8467153284672,3.64963503649635,37.2262773722628,63.5036496350365,15.5666666666667,14,10,3,2,2.64633333333334,1.32316666666667,2,2,2.95766666666667,1.4944,39,75,31,72,62,15,3,1,47,1,-1,-1,1,-1,-1,1,1,1,1,0
"232","main19",10849462,"Seine",125,0,2018-06-22,2018,6,0,"neutral","Main","Main Rouge",2,2,4,1,2,68,24.8,2.4,36,72.8,28.5,14,10,3,2,3,2,2,2,4,2,39,75,31,72,62,15,3,1,47,1,-1,0,1,-1,0,1,-1,1,0,0
"233","main19",10849462,"Shocking",81,2,2022-06-30,2022,6,2,"acceptable:postive","Main","Main Rouge",1,2,4,1,1,44.4444444444444,32.0987654320988,2.46913580246914,66.6666666666667,65.4320987654321,28.5,14,10,3,2,3,2,2,2,4,2,39,75,31,72,62,15,3,1,47,1,-1,0,1,-1,-1,1,1,1,0,1
"234","main3",10848472,"Seine",218,-3,2016-09-28,2016,9,-3,"acceptable:negative","Main","Main Rouge",1,1,2,1,1,48.6238532110092,26.1467889908257,4.12844036697248,37.6146788990826,58.7155963302752,20.5,14,10,3,2,3,2,2,2,3.895,1.968,39,75,31,72,62,15,3,1,47,1,-1,-1,0,-1,-1,1,-1,0,1,0
"235","main3",10848472,"Shocking",90,-2,2022-06-29,2022,6,-2,"acceptable:negative","Main","Main Rouge",2,0,1,1,2,36.6666666666667,36.6666666666667,23.3333333333333,62.2222222222222,36.6666666666667,20.5,14,10,3,2,3,2,2,2,3.895,1.968,39,75,31,72,62,15,3,1,47,1,-1,-1,-1,-1,0,-1,1,0,1,1
"236","main4.5",10848486,"Seine",199,-3,2016-09-28,2016,9,-3,"acceptable:negative","Main","Main Rouge",2,1,2,0,2,10.5527638190955,4.52261306532663,4.02010050251256,65.8291457286432,72.3618090452261,22,14,10,3,2,3,2,2,2,4.18,2.112,39,75,31,72,62,15,3,1,47,1,-1,-1,0,-1,-1,-1,-1,1,1,1
"237","main5",10848602,"Seine",97,0,2018-09-28,2018,9,0,"neutral","Main","Main Rouge",2,1,4,1,2,59.7938144329897,42.2680412371134,1.03092783505155,25.7731958762887,52.5773195876289,20.7333333333333,14,10,3,2,3,2,2,2,3.93933333333333,1.9904,39,75,31,72,62,15,3,1,47,1,-1,-1,1,-1,0,1,1,0,0,0
"238","main5",10848602,"Shocking",79,-2,2022-06-23,2022,6,-2,"acceptable:negative","Main","Main Rouge",2,2,2,1,2,32.9113924050633,30.379746835443,5.06329113924051,65.8227848101266,53.1645569620253,20.7333333333333,14,10,3,2,3,2,2,2,3.93933333333333,1.9904,39,75,31,72,62,15,3,1,47,1,-1,0,0,-1,0,-1,-1,0,1,1
"239","main6",10849438,"Seine",231,-2,2015-09-18,2015,9,-2,"acceptable:negative","Main","Main Rouge",1,2,2,1,1,70.1298701298701,57.1428571428571,0,43.7229437229437,28.5714285714286,33.1,14,10,3,2,3,2,2,2,4,2,39,75,31,72,62,15,3,1,47,1,-1,0,0,-1,-1,1,1,0,-1,0
"240","main6",10849438,"Shocking",407,3,2022-07-07,2022,7,3,"acceptable:postive","Main","Main Rouge",2,2,4,1,2,72.7272727272727,59.4594594594595,4.42260442260442,59.4594594594595,31.4496314496315,33.1,14,10,3,2,3,2,2,2,4,2,39,75,31,72,62,15,3,1,47,1,-1,0,1,-1,0,1,1,0,1,1
"241","min2",10849378,"Shocking",87,-6,2022-06-16,2022,6,-6,"poor","Upper","Minnow Pond",0,1,2,1,1,36.7816091954023,27.5862068965517,0,16.0919540229885,67.816091954023,15.75,14,10,3,2,2.6775,1.33875,2,2,2.9925,1.512,39,75,31,72,62,15,3,1,47,1,-1,-1,0,-1,-1,-1,-1,1,-1,0
"242","mn-2",10849618,"Seine",133,-4,2022-06-23,2022,6,-4,"poor","Main","Main Rouge",0,1,0,1,0,98.4962406015038,98.4962406015038,0,99.2481203007519,0.75187969924812,34.6333333333334,14,10,3,2,3,2,2,2,4,2,39,75,31,72,62,15,3,1,47,1,-1,-1,-1,-1,-1,1,1,-1,-1,1
"243","mn-2",10849618,"Seine",143,-5,2017-09-14,2017,9,-5,"poor","Main","Main Rouge",0,1,0,1,0,99.3006993006993,97.2027972027972,0,2.0979020979021,2.0979020979021,34.6333333333334,14,10,3,2,3,2,2,2,4,2,39,75,31,72,62,15,3,1,47,1,-1,-1,-1,-1,-1,1,1,-1,-1,0
"244","mn-2",10849618,"Seine",162,-4,2020-07-31,2020,7,-4,"poor","Main","Main Rouge",0,1,2,1,0,99.3827160493827,91.9753086419753,0,1.23456790123457,8.02469135802469,34.6333333333334,14,10,3,2,3,2,2,2,4,2,39,75,31,72,62,15,3,1,47,1,-1,-1,0,-1,-1,1,1,-1,-1,0
"245","mn-2",10849618,"Seine",384,-6,2016-09-15,2016,9,-6,"poor","Main","Main Rouge",0,1,0,0,0,100,94.7916666666667,0,0,5.20833333333333,34.6333333333334,14,10,3,2,3,2,2,2,4,2,39,75,31,72,62,15,3,1,47,1,-1,-1,-1,-1,-1,1,1,-1,-1,-1
"246","mn-2",10849618,"Shocking",34,-4,2022-06-23,2022,6,-12,"poorlowfish","Main","Main Rouge",0,1,1,1,0,94.1176470588235,94.1176470588235,0,97.0588235294118,5.88235294117647,34.6333333333334,14,10,3,2,3,2,2,2,4,2,39,75,31,72,62,15,3,1,47,1,-1,-1,-1,-1,-1,1,1,-1,-1,1
"247","mn-5",10849484,"Seine",157,0,2017-09-14,2017,9,0,"neutral","Main","Main Rouge",2,2,4,1,1,84.0764331210191,39.4904458598726,1.91082802547771,19.7452229299363,49.6815286624204,23.7166666666667,14,10,3,2,3,2,2,2,4.50616666666667,2.2768,39,75,31,72,62,15,3,1,47,1,-1,0,1,-1,-1,1,1,0,0,0
"248","mn-5",10849484,"Shocking",63,2,2022-07-27,2022,7,2,"acceptable:postive","Main","Main Rouge",1,2,4,1,1,65.0793650793651,49.2063492063492,19.047619047619,55.5555555555556,31.7460317460317,23.7166666666667,14,10,3,2,3,2,2,2,4.50616666666667,2.2768,39,75,31,72,62,15,3,1,47,1,-1,0,1,-1,-1,1,1,0,1,1
"249","mn-6",10849618,"Seine",56,-4,2018-09-28,2018,9,-4,"poor","Main","Main Rouge",0,1,2,1,0,94.6428571428571,10.7142857142857,0,7.14285714285714,89.2857142857143,27.4222222222222,14,10,3,2,3,2,2,2,4,2,39,75,31,72,62,15,3,1,47,1,-1,-1,0,-1,-1,1,-1,1,-1,0
"250","mn-7",10850152,"Seine",226,-5,2016-09-15,2016,9,-5,"poor","Main","Main Rouge",0,1,0,0,0,97.3451327433628,96.0176991150443,0,2.21238938053097,3.98230088495575,15,14,10,3,2,2.55,1.275,2,2,2.85,1.44,39,75,31,72,62,15,3,1,47,1,-1,-1,-1,-1,-1,1,1,-1,-1,0
"251","mn-7a",10850152,"Seine",130,-4,2021-08-20,2021,8,-4,"poor","Main","Main Rouge",0,1,3,1,0,57.6923076923077,56.1538461538462,0,0.769230769230769,43.8461538461538,67.2333333333333,14,10,3,2,3,2,2,2,4,2,39,75,31,72,62,15,3,1,47,1,-1,-1,0,-1,-1,1,1,0,-1,-1
"252","mn-7a",10850152,"Seine",179,-4,2020-07-31,2020,7,-4,"poor","Main","Main Rouge",1,1,0,1,1,80.4469273743017,76.536312849162,0,5.58659217877095,23.463687150838,67.2333333333333,14,10,3,2,3,2,2,2,4,2,39,75,31,72,62,15,3,1,47,1,-1,-1,-1,-1,-1,1,1,0,-1,0
"253","mn-7a",10850152,"Seine",260,-5,2017-09-15,2017,9,-5,"poor","Main","Main Rouge",0,1,0,1,0,93.8461538461538,91.1538461538461,0,5.76923076923077,8.84615384615385,67.2333333333333,14,10,3,2,3,2,2,2,4,2,39,75,31,72,62,15,3,1,47,1,-1,-1,-1,-1,-1,1,1,-1,-1,0
"254","mn-7a",10850152,"Shocking",168,0,2022-07-27,2022,7,0,"neutral","Main","Main Rouge",1,1,4,1,1,81.547619047619,79.1666666666667,1.19047619047619,55.952380952381,17.8571428571429,67.2333333333333,14,10,3,2,3,2,2,2,4,2,39,75,31,72,62,15,3,1,47,1,-1,-1,1,-1,-1,1,1,0,0,1
"255","mr-11",10850156,"Seine",153,-3,2016-06-17,2016,6,-3,"acceptable:negative","Middle","Middle Rouge",1,1,2,1,1,43.7908496732026,15.6862745098039,1.30718954248366,15.6862745098039,83.0065359477124,32.2333333333333,14,10,3,2,3,2,2,2,4,2,39,75,31,72,62,15,3,1,47,1,-1,-1,0,-1,-1,1,-1,1,0,0
"256","mr-11",10850156,"Seine",216,-2,2023-06-22,2023,6,-2,"acceptable:negative","Middle","Middle Rouge",4,2,4,1,2,37.037037037037,24.0740740740741,2.31481481481481,27.3148148148148,73.1481481481482,32.2333333333333,14,10,3,2,3,2,2,2,4,2,39,75,31,72,62,15,3,1,47,1,-1,0,1,-1,0,-1,-1,1,0,0
"257","mr-11",10850156,"Seine",35,-6,2014-09-26,2014,9,-12,"poorlowfish","Middle","Middle Rouge",1,1,1,0,0,60,11.4285714285714,0,0,88.5714285714286,32.2333333333333,14,10,3,2,3,2,2,2,4,2,39,75,31,72,62,15,3,1,47,1,-1,-1,-1,-1,-1,1,-1,1,-1,-1
"258","mr-11",10850156,"Seine",47,0,2022-07-05,2022,7,-12,"poorlowfish","Middle","Middle Rouge",3,2,2,1,2,48.936170212766,25.531914893617,8.51063829787234,38.2978723404255,65.9574468085106,32.2333333333333,14,10,3,2,3,2,2,2,4,2,39,75,31,72,62,15,3,1,47,1,-1,0,0,-1,0,1,-1,1,1,0
"259","mr-11",10850156,"Seine",66,-4,2015-07-10,2015,7,-4,"poor","Middle","Middle Rouge",1,2,0,1,0,75.7575757575758,4.54545454545455,0,16.6666666666667,95.4545454545455,32.2333333333333,14,10,3,2,3,2,2,2,4,2,39,75,31,72,62,15,3,1,47,1,-1,0,-1,-1,-1,1,-1,1,-1,0
"260","mr-11",10850156,"Shocking",44,-5,2022-07-05,2022,7,-12,"poorlowfish","Middle","Middle Rouge",2,1,3,1,1,27.2727272727273,25,15.9090909090909,15.9090909090909,59.0909090909091,32.2333333333333,14,10,3,2,3,2,2,2,4,2,39,75,31,72,62,15,3,1,47,1,-1,-1,0,-1,-1,-1,-1,0,1,0
"261","mr-12",10850156,"Seine",114,-2,2015-08-28,2015,8,-2,"acceptable:negative","Middle","Middle Rouge",1,2,0,1,0,64.9122807017544,31.578947368421,0,32.4561403508772,65.7894736842105,37.7,14,10,3,2,3,2,2,2,4,2,39,75,31,72,62,15,3,1,47,1,-1,0,-1,-1,-1,1,1,1,-1,0
"262","mr-12",10850156,"Seine",116,-4,2016-06-24,2016,6,-4,"poor","Middle","Middle Rouge",0,2,0,1,0,62.0689655172414,20.6896551724138,0,18.1034482758621,78.448275862069,37.7,14,10,3,2,3,2,2,2,4,2,39,75,31,72,62,15,3,1,47,1,-1,0,-1,-1,-1,1,-1,1,-1,0
"263","mr-13",10850156,"Seine",22,-1,2015-07-10,2015,7,-12,"poorlowfish","Middle","Middle Rouge",0,1,2,1,0,77.2727272727273,68.1818181818182,4.54545454545455,31.8181818181818,27.2727272727273,37.7,14,10,3,2,3,2,2,2,4,2,39,75,31,72,62,15,3,1,47,1,-1,-1,0,-1,-1,1,1,0,1,0
"264","mr-13",10850156,"Seine",59,-4,2016-06-24,2016,6,-4,"poor","Middle","Middle Rouge",0,1,1,1,0,74.5762711864407,40.6779661016949,0,28.8135593220339,59.3220338983051,37.7,14,10,3,2,3,2,2,2,4,2,39,75,31,72,62,15,3,1,47,1,-1,-1,-1,-1,-1,1,1,0,-1,0
"265","mr-13",10850156,"Seine",8,-6,2014-09-26,2014,9,-12,"poorlowfish","Middle","Middle Rouge",0,1,0,0,0,100,0,0,0,100,37.7,14,10,3,2,3,2,2,2,4,2,39,75,31,72,62,15,3,1,47,1,-1,-1,-1,-1,-1,1,-1,1,-1,-1
"266","mr-15",10850156,"Seine",81,-4,2016-06-24,2016,6,-4,"poor","Middle","Middle Rouge",1,1,0,1,0,88.8888888888889,49.3827160493827,0,16.0493827160494,50.6172839506173,48.4,14,10,3,2,3,2,2,2,4,2,39,75,31,72,62,15,3,1,47,1,-1,-1,-1,-1,-1,1,1,0,-1,0
"267","mr-15",10850156,"Shocking",21,-3,2022-06-22,2022,6,-12,"poorlowfish","Middle","Middle Rouge",2,2,3,0,1,19.047619047619,9.52380952380952,9.52380952380952,19.047619047619,80.952380952381,48.4,14,10,3,2,3,2,2,2,4,2,39,75,31,72,62,15,3,1,47,1,-1,0,0,-1,-1,-1,-1,1,1,0
"268","mr-16",10849658,"Seine",13,-5,2015-07-11,2015,7,-12,"poorlowfish","Middle","Tonquish Creek",0,1,1,1,0,84.6153846153846,23.0769230769231,0,30.7692307692308,76.9230769230769,15,14,10,3,2,2.55,1.275,2,2,2.85,1.44,39,75,31,72,62,15,3,1,47,1,-1,-1,-1,-1,-1,1,-1,1,-1,0
"269","mr-17",10849642,"Seine",139,3,2015-07-11,2015,7,3,"acceptable:postive","Middle","Middle Rouge",4,2,4,1,4,85.6115107913669,48.9208633093525,3.59712230215827,28.7769784172662,45.3237410071942,20,14,10,3,2,3,2,2,2,3.8,1.92,39,75,31,72,62,15,3,1,47,1,-1,0,1,-1,1,1,1,0,1,0
"270","mr-17",10849642,"Seine",72,-1,2016-06-16,2016,6,-1,"acceptable:negative","Middle","Middle Rouge",4,2,4,1,3,26.3888888888889,13.8888888888889,4.16666666666667,11.1111111111111,79.1666666666667,20,14,10,3,2,3,2,2,2,3.8,1.92,39,75,31,72,62,15,3,1,47,1,-1,0,1,-1,0,-1,-1,1,1,0
"271","mr-18",10849622,"Seine",165,2,2015-07-11,2015,7,2,"acceptable:postive","Middle","Middle Rouge",4,2,4,1,3,66.6666666666667,62.4242424242424,9.6969696969697,21.2121212121212,26.6666666666667,30.1166666666666,14,10,3,2,3,2,2,2,4,2,39,75,31,72,62,15,3,1,47,1,-1,0,1,-1,0,1,1,0,1,0
"272","mr-18",10849622,"Seine",83,-3,2023-06-22,2023,6,-3,"acceptable:negative","Middle","Middle Rouge",4,1,4,1,4,18.0722891566265,18.0722891566265,59.0361445783133,21.6867469879518,22.8915662650602,30.1166666666666,14,10,3,2,3,2,2,2,4,2,39,75,31,72,62,15,3,1,47,1,-1,-1,1,-1,0,-1,-1,0,1,0
"273","mr-18",10849622,"Shocking",102,0,2022-08-09,2022,8,0,"neutral","Middle","Middle Rouge",2,1,6,1,2,43.1372549019608,41.1764705882353,51.9607843137255,22.5490196078431,6.86274509803922,30.1166666666666,14,10,3,2,3,2,2,2,4,2,39,75,31,72,62,15,3,1,47,1,-1,-1,1,-1,0,1,1,-1,1,0
"274","mr-20",10849566,"Seine",168,0,2015-06-19,2015,6,0,"neutral","Middle","Middle Rouge",4,2,3,1,5,24.4047619047619,23.8095238095238,5.35714285714286,79.1666666666667,67.2619047619048,25,14,10,3,2,3,2,2,2,4,2,39,75,31,72,62,15,3,1,47,1,-1,0,0,-1,1,-1,-1,1,1,1
"275","mr-20",10849566,"Seine",186,2,2023-06-21,2023,6,2,"acceptable:postive","Middle","Middle Rouge",3,2,3,1,4,55.3763440860215,49.4623655913978,31.1827956989247,60.2150537634409,19.3548387096774,25,14,10,3,2,3,2,2,2,4,2,39,75,31,72,62,15,3,1,47,1,-1,0,0,-1,0,1,1,0,1,1
"276","mr-4",10849648,"Seine",113,-2,2014-09-26,2014,9,-2,"acceptable:negative","Middle","Middle Rouge",2,1,2,1,1,54.8672566371681,53.9823008849557,2.65486725663717,3.53982300884956,43.3628318584071,28,14,10,3,2,3,2,2,2,4,2,39,75,31,72,62,15,3,1,47,1,-1,-1,0,-1,-1,1,1,0,0,0
"277","mr-4",10849648,"Seine",118,-7,2015-07-10,2015,7,-7,"poor","Middle","Middle Rouge",1,1,1,1,0,22.0338983050847,21.1864406779661,0,4.23728813559322,78.8135593220339,28,14,10,3,2,3,2,2,2,4,2,39,75,31,72,62,15,3,1,47,1,-1,-1,-1,-1,-1,-1,-1,1,-1,0
"278","mr-4",10849648,"Seine",23,-3,2022-06-06,2022,6,-12,"poorlowfish","Middle","Middle Rouge",3,0,4,0,2,0,0,26.0869565217391,0,73.9130434782609,28,14,10,3,2,3,2,2,2,4,2,39,75,31,72,62,15,3,1,47,1,-1,-1,1,-1,0,-1,-1,1,1,-1
"279","mr-4",10849648,"Seine",96,-7,2016-06-16,2016,6,-7,"poor","Middle","Middle Rouge",1,1,1,1,0,26.0416666666667,25,0,2.08333333333333,75,28,14,10,3,2,3,2,2,2,4,2,39,75,31,72,62,15,3,1,47,1,-1,-1,-1,-1,-1,-1,-1,1,-1,0
"280","mr-4",10849648,"Shocking",41,-4,2022-07-13,2022,7,-12,"poorlowfish","Middle","Middle Rouge",3,0,4,0,2,4.8780487804878,12.1951219512195,43.9024390243902,0,39.0243902439024,28,14,10,3,2,3,2,2,2,4,2,39,75,31,72,62,15,3,1,47,1,-1,-1,1,-1,0,-1,-1,0,1,-1
"281","mr-8",10850156,"Seine",89,-3,2016-06-17,2016,6,-3,"acceptable:negative","Middle","Middle Rouge",0,1,2,1,0,69.6629213483146,37.0786516853933,0,25.8426966292135,61.7977528089888,33,14,10,3,2,3,2,2,2,4,2,39,75,31,72,62,15,3,1,47,1,-1,-1,0,-1,-1,1,1,0,-1,0
"282","mr-9",10850156,"Seine",46,-4,2016-06-17,2016,6,-12,"poorlowfish","Middle","Middle Rouge",0,1,0,1,0,82.6086956521739,80.4347826086957,0,26.0869565217391,19.5652173913043,41.8666666666667,14,10,3,2,3,2,2,2,4,2,39,75,31,72,62,15,3,1,47,1,-1,-1,-1,-1,-1,1,1,0,-1,0
"283","mr-9",10850156,"Shocking",60,0,2022-07-13,2022,7,0,"neutral","Middle","Middle Rouge",2,0,3,1,1,66.6666666666667,63.3333333333333,5,55,30,41.8666666666667,14,10,3,2,3,2,2,2,4,2,39,75,31,72,62,15,3,1,47,1,-1,-1,0,-1,-1,1,1,0,1,1
"284","nott2",10848512,"Seine",175,-5,2021-08-23,2021,8,-5,"poor","Main","Nottingham Creek",0,1,0,0,0,97.7142857142857,92.5714285714286,0,38.8571428571429,5.14285714285714,10,12,7.6,2.2,1.1,1.7,0.85,1.4,0.66,1.9,0.96,39,75,31,72,62,15,3,1,47,1,-1,-1,-1,-1,-1,1,1,-1,-1,0
"285","nott2",10848512,"Seine",93,-4,2019-06-19,2019,6,-4,"poor","Main","Nottingham Creek",0,1,1,0,0,97.8494623655914,92.4731182795699,0,13.9784946236559,6.45161290322581,10,12,7.6,2.2,1.1,1.7,0.85,1.4,0.66,1.9,0.96,39,75,31,72,62,15,3,1,47,1,-1,-1,0,-1,-1,1,1,-1,-1,0
"286","peb2",10848526,"Shocking",120,-4,2022-06-30,2022,6,-4,"poor","Main","Pebble Creek",0,0,1,1,0,99.1666666666667,98.3333333333333,0,80.8333333333333,1.66666666666667,16.1,14,10,3,2,2.737,1.3685,2,2,3.059,1.5456,39,75,31,72,62,15,3,1,47,1,-1,-1,-1,-1,-1,1,1,-1,-1,1
"287","peb3",10848526,"Seine",179,-3,2023-06-27,2023,6,-3,"acceptable:negative","Main","Pebble Creek",0,0,1,1,0,63.6871508379888,63.6871508379888,0.558659217877095,60.8938547486033,20.1117318435754,15,14,10,3,2,2.55,1.275,2,2,2.85,1.44,39,75,31,72,62,15,3,1,47,1,-1,-1,-1,-1,-1,1,1,0,-1,1
"288","see3",10848516,"Seine",112,0,2018-06-14,2018,6,0,"neutral","Upper","Seeley Creek",0,1,2,1,1,83.0357142857143,70.5357142857143,0,22.3214285714286,29.4642857142857,9.23333333333333,11.08,7.01733333333333,2.03133333333333,1.01566666666667,1.56966666666667,0.784833333333333,1.29266666666667,0.6094,1.75433333333333,0.8864,39,75,31,72,62,15,3,1,47,1,-1,-1,1,0,0,1,1,0,-1,0
"289","see3",10848516,"Seine",209,1,2020-07-29,2020,7,1,"acceptable:postive","Upper","Seeley Creek",0,1,3,1,1,65.0717703349282,54.066985645933,1.43540669856459,46.4114832535885,31.578947368421,9.23333333333333,11.08,7.01733333333333,2.03133333333333,1.01566666666667,1.56966666666667,0.784833333333333,1.29266666666667,0.6094,1.75433333333333,0.8864,39,75,31,72,62,15,3,1,47,1,-1,-1,1,0,0,1,1,0,0,0
"290","see3",10848516,"Seine",98,-1,2022-06-15,2022,6,-1,"acceptable:negative","Upper","Seeley Creek",1,1,1,1,0,70.4081632653061,66.3265306122449,0,48.9795918367347,28.5714285714286,9.23333333333333,11.08,7.01733333333333,2.03133333333333,1.01566666666667,1.56966666666667,0.784833333333333,1.29266666666667,0.6094,1.75433333333333,0.8864,39,75,31,72,62,15,3,1,47,1,-1,-1,0,0,-1,1,1,0,-1,1
"291","see3",10848516,"Shocking",83,1,2022-06-15,2022,6,1,"acceptable:postive","Upper","Seeley Creek",0,1,2,1,1,68.6746987951807,62.6506024096386,0,53.0120481927711,34.9397590361446,9.23333333333333,11.08,7.01733333333333,2.03133333333333,1.01566666666667,1.56966666666667,0.784833333333333,1.29266666666667,0.6094,1.75433333333333,0.8864,39,75,31,72,62,15,3,1,47,1,-1,-1,1,0,0,1,1,0,-1,1
"292","seebosch",10849374,"Seine",260,-1,2012-06-19,2012,6,-1,"acceptable:negative","Upper","Seeley Creek",1,1,1,1,1,83.8461538461539,79.6153846153846,0,39.6153846153846,18.4615384615385,9.823491,11.7881892,7.46585316,2.16116802,1.08058401,1.66999347,0.834996735,1.37528874,0.648350406,1.86646329,0.943055136,39,75,31,72,62,15,3,1,47,1,-1,-1,0,0,0,1,1,0,-1,0
"293","sprag",10848422,"Seine",67,1,2016-09-23,2016,9,1,"acceptable:postive","Main","Sprague Creek",1,1,2,1,1,68.6567164179104,53.7313432835821,1.49253731343284,2.98507462686567,35.8208955223881,10,12,7.6,2.2,1.1,1.7,0.85,1.4,0.66,1.9,0.96,39,75,31,72,62,15,3,1,47,1,-1,-1,1,0,0,1,1,0,0,0
"294","tar2",10849472,"Seine",566,-1,2016-09-22,2016,9,-1,"acceptable:negative","Upper","Tarabusi Creek",0,1,3,1,0,76.678445229682,59.5406360424028,0.176678445229682,30.0353356890459,40.2826855123675,12.2,14,10,2.684,1.342,2.074,1.037,1.708,0.8052,2.318,1.1712,39,75,31,72,62,15,3,1,47,1,-1,-1,1,0,-1,1,1,0,-1,0
"295","tar2",10849472,"Shocking",171,-2,2022-06-17,2022,6,-2,"acceptable:negative","Upper","Tarabusi Creek",0,1,2,1,0,69.0058479532164,64.9122807017544,0,46.1988304093567,35.0877192982456,12.2,14,10,2.684,1.342,2.074,1.037,1.708,0.8052,2.318,1.1712,39,75,31,72,62,15,3,1,47,1,-1,-1,0,0,-1,1,1,0,-1,0
"296","ton1",10850142,"Seine",117,5,2015-08-28,2015,8,5,"excellent","Middle","Tonquish Creek",1,2,2,1,2,50.4273504273504,49.5726495726496,1.70940170940171,12.8205128205128,48.7179487179487,4.93333333333333,5.92,3.74933333333333,1.08533333333333,0.542666666666667,0.838666666666666,0.419333333333333,0.690666666666667,0.3256,0.937333333333333,0.4736,39,75,31,72,62,15,3,1,47,1,-1,1,1,1,1,1,1,0,0,0
"297","ton1",10850142,"Shocking",42,2,2022-06-14,2022,6,-12,"poorlowfish","Middle","Tonquish Creek",1,1,3,0,2,61.9047619047619,57.1428571428571,2.38095238095238,26.1904761904762,40.4761904761905,4.93333333333333,5.92,3.74933333333333,1.08533333333333,0.542666666666667,0.838666666666666,0.419333333333333,0.690666666666667,0.3256,0.937333333333333,0.4736,39,75,31,72,62,15,3,1,47,1,-1,0,1,-1,1,1,1,0,0,0
"298","ton3",10849700,"Seine",64,-2,2015-08-28,2015,8,-2,"acceptable:negative","Middle","Tonquish Creek",0,1,3,0,0,75,70.3125,0,21.875,28.125,14.9860019555556,14,10,3.29692043022223,1.64846021511112,2.54762033244445,1.27381016622223,2.09804027377778,0.98907612906667,2.84734037155556,1.43865618773334,39,75,31,72,62,15,3,1,47,1,-1,-1,1,-1,-1,1,1,0,-1,0
"299","ton3",10849700,"Shocking",64,-2,2022-06-14,2022,6,-2,"acceptable:negative","Middle","Tonquish Creek",0,1,2,1,0,82.8125,71.875,0,45.3125,28.125,14.9860019555556,14,10,3.29692043022223,1.64846021511112,2.54762033244445,1.27381016622223,2.09804027377778,0.98907612906667,2.84734037155556,1.43865618773334,39,75,31,72,62,15,3,1,47,1,-1,-1,0,0,-1,1,1,0,-1,0
"300","up1",10849602,"Seine",108,0,2021-06-10,2021,6,0,"neutral","Upper","Upper Rouge",2,2,2,2,3,39.8148148148148,28.7037037037037,0,75,70.3703703703704,17.8,14,10,3,2,3.026,1.513,2,2,3.382,1.7088,39,75,31,72,62,15,3,1,47,1,-1,0,0,0,0,1,-1,1,-1,1
"301","up1",10849602,"Seine",172,0,2018-06-14,2018,6,0,"neutral","Upper","Upper Rouge",2,2,1,2,3,48.2558139534884,44.7674418604651,0,65.1162790697674,55.2325581395349,17.8,14,10,3,2,3.026,1.513,2,2,3.382,1.7088,39,75,31,72,62,15,3,1,47,1,-1,0,-1,0,0,1,1,0,-1,1
"302","up1",10849602,"Shocking",95,2,2022-06-16,2022,6,2,"acceptable:postive","Upper","Upper Rouge",3,2,3,2,4,46.3157894736842,38.9473684210526,0,63.1578947368421,58.9473684210526,17.8,14,10,3,2,3.026,1.513,2,2,3.382,1.7088,39,75,31,72,62,15,3,1,47,1,-1,0,0,0,1,1,1,0,-1,1
"303","up2",10849602,"Seine",149,-1,2020-07-29,2020,7,-1,"acceptable:negative","Upper","Upper Rouge",2,2,4,2,3,30.2013422818792,20.8053691275168,0.671140939597315,48.993288590604,71.8120805369127,18,14,10,3,2,3.06,1.53,2,2,3.42,1.728,39,75,31,72,62,15,3,1,47,1,-1,0,1,0,0,-1,-1,1,-1,1
"304","up3",10849602,"Seine",305,-4,2016-09-22,2016,9,-4,"poor","Upper","Upper Rouge",1,2,0,1,1,59.672131147541,20.655737704918,0,45.9016393442623,79.344262295082,21.6305071589744,14,10,3,2,3,2,2,2,4.10979636020514,2.07652868726154,39,75,31,72,62,15,3,1,47,1,-1,0,-1,-1,-1,1,-1,1,-1,0
"305","up3",10849602,"Seine",321,-1,2017-07-21,2017,7,-1,"acceptable:negative","Upper","Upper Rouge",1,2,4,1,1,72.5856697819315,37.0716510903427,0.311526479750779,33.3333333333333,60.1246105919003,21.6305071589744,14,10,3,2,3,2,2,2,4.10979636020514,2.07652868726154,39,75,31,72,62,15,3,1,47,1,-1,0,1,-1,-1,1,1,0,-1,0
"306","up5",10849602,"Seine",366,-2,2017-07-21,2017,7,-2,"acceptable:negative","Upper","Upper Rouge",1,2,3,1,2,39.8907103825137,22.1311475409836,0,65.8469945355191,76.775956284153,21.6305071589744,14,10,3,2,3,2,2,2,4.10979636020514,2.07652868726154,39,75,31,72,62,15,3,1,47,1,-1,0,0,-1,-1,1,-1,1,-1,1
"307","ur-1",10849602,"Seine",571,-4,2016-09-22,2016,9,-4,"poor","Upper","Upper Rouge",0,1,1,1,0,96.322241681261,71.6287215411559,0,6.30472854640981,28.3712784588441,15.7666666666667,14,10,3,2,2.68033333333334,1.34016666666667,2,2,2.99566666666667,1.5136,39,75,31,72,62,15,3,1,47,1,-1,-1,-1,-1,-1,1,1,0,-1,0
"308","ur-1",10849602,"Shocking",107,-3,2022-06-27,2022,6,-3,"acceptable:negative","Upper","Upper Rouge",0,1,2,1,0,82.2429906542056,58.8785046728972,0,37.3831775700935,40.1869158878505,15.7666666666667,14,10,3,2,2.68033333333334,1.34016666666667,2,2,2.99566666666667,1.5136,39,75,31,72,62,15,3,1,47,1,-1,-1,0,-1,-1,1,1,0,-1,0
"309","ur-2",10849608,"Seine",213,-4,2021-06-10,2021,6,-4,"poor","Upper","Bell Branch",0,1,0,1,0,76.5258215962441,49.2957746478873,0,31.4553990610329,50.7042253521127,22.5,14,10,3,2,3,2,2,2,4.275,2.16,39,75,31,72,62,15,3,1,47,1,-1,-1,-1,-1,-1,1,1,0,-1,0
"310","ur-2",10849608,"Seine",507,-4,2016-09-16,2016,9,-4,"poor","Upper","Bell Branch",0,1,0,1,0,97.4358974358974,84.2209072978304,0,6.90335305719921,15.7790927021696,22.5,14,10,3,2,3,2,2,2,4.275,2.16,39,75,31,72,62,15,3,1,47,1,-1,-1,-1,-1,-1,1,1,0,-1,0
"311","ur-2",10849608,"Shocking",136,-4,2022-06-27,2022,6,-4,"poor","Upper","Bell Branch",0,1,1,1,0,83.8235294117647,79.4117647058823,0,41.1764705882353,20.5882352941176,22.5,14,10,3,2,3,2,2,2,4.275,2.16,39,75,31,72,62,15,3,1,47,1,-1,-1,-1,-1,-1,1,1,0,-1,0
"312","ur-4",10849602,"Seine",48,-4,2021-06-10,2021,6,-12,"poorlowfish","Upper","Upper Rouge",0,1,0,1,0,81.25,79.1666666666667,0,33.3333333333333,20.8333333333333,17,14,10,3,2,2.89,1.445,2,2,3.23,1.632,39,75,31,72,62,15,3,1,47,1,-1,-1,-1,-1,-1,1,1,0,-1,0
"313","wall1",10849464,"Seine",145,-1,2015-09-11,2015,9,-1,"acceptable:negative","Middle","Walled Lk Drainage",0,1,5,1,0,90.3448275862069,48.2758620689655,1.37931034482759,14.4827586206897,46.8965517241379,26.5419956,14,10,3,2,3,2,2,2,4,2,39,75,31,72,62,15,3,1,47,1,-1,-1,1,-1,-1,1,1,0,0,0
"314","wall2",10849416,"Seine",276,-2,2015-09-11,2015,9,-2,"acceptable:negative","Middle","Walled Lk Drainage",0,1,1,1,0,99.6376811594203,96.7391304347826,0,36.5942028985507,3.26086956521739,7.63333333333335,9.16000000000002,5.80133333333335,1.67933333333334,0.839666666666669,1.29766666666667,0.648833333333335,1.06866666666667,0.503800000000001,1.45033333333334,0.732800000000002,39,75,31,72,62,15,3,1,47,1,-1,0,0,0,-1,1,1,-1,-1,0
"315","wall2",10849416,"Shocking",131,0,2022-07-06,2022,7,0,"neutral","Middle","Walled Lk Drainage",0,1,2,1,0,99.236641221374,96.9465648854962,0,75.5725190839695,3.05343511450382,7.63333333333335,9.16000000000002,5.80133333333335,1.67933333333334,0.839666666666669,1.29766666666667,0.648833333333335,1.06866666666667,0.503800000000001,1.45033333333334,0.732800000000002,39,75,31,72,62,15,3,1,47,1,-1,0,1,0,-1,1,1,-1,-1,1
"316","wall3",10849382,"Seine",82,0,2015-09-11,2015,9,0,"neutral","Middle","Walled Lk Drainage",0,1,3,1,1,87.8048780487805,86.5853658536585,0,1.21951219512195,13.4146341463415,9,10.8,6.84,1.98,0.99,1.53,0.765,1.26,0.594,1.71,0.864,39,75,31,72,62,15,3,1,47,1,-1,0,1,0,0,1,1,-1,-1,0
"317","wall7",10848510,"Seine",244,-4,2017-06-23,2017,6,-4,"poor","Middle","Walled Lk Drainage",0,0,3,0,0,59.8360655737705,58.6065573770492,0,0,41.3934426229508,18,14,10,3,2,3.06,1.53,2,2,3.42,1.728,39,75,31,72,62,15,3,1,47,1,-1,-1,0,-1,-1,1,1,0,-1,-1
"318","will1",10849712,"Shocking",239,0,2022-07-26,2022,7,0,"neutral","Middle","Willow Creek",0,1,2,1,0,97.489539748954,65.6903765690377,0.418410041841004,33.0543933054393,33.0543933054393,8.36666666666667,10.04,6.35866666666667,1.84066666666667,0.920333333333334,1.42233333333333,0.711166666666667,1.17133333333333,0.5522,1.58966666666667,0.803200000000001,39,75,31,72,62,15,3,1,47,1,-1,0,1,0,-1,1,1,0,-1,0
